2026-06-03 15:31:21: INFO     | '6687da6d2d88283319953a6346ced30d0f53e2baac4f7ef44041580e8add0298': INICIO_LOG - Log inicializado |
2026-06-03 15:31:21: WARNING  | 'a9d309ce6451b445cbdc2b59beafd9ba98b1fb993cab830a7fa98043561fbfa5': LOG CORRUPTO: El archivo log_gestor_credenciales.log ha sido modificado |
2026-06-03 15:31:22: INFO     | '319e6e14cdb69b7febb8450774d7bba42ab4773ad480baa842d42a1978939daf': GestorCredenciales inicializado correctamente |
2026-06-03 15:31:22: WARNING  | 'fe3aeda18d414076ff7395e1ef95b356f1b6a2c3ce4fdf76aa70385cb22cf286': LOG CORRUPTO: El archivo log_gestor_credenciales.log ha sido modificado |
2026-06-03 15:31:22: INFO     | '4c5e4868b3d22d487155e62a0573525736e5433d98ebedd1b42302e10f7823bf': GestorCredenciales inicializado correctamente |
2026-06-03 15:31:22: DEBUG    | '99bfd38680264b480c46c8f6abef48e0db8a4cfa6191dd4e045f0d9119b715e4': AUTENTICACION_EXITOSA |
2026-06-03 15:31:22: DEBUG    | '9114603424b9444d6fb1deae476f0a36c9c19d5ac125164005a5a0e0f0928cfe': AUTENTICACION_EXITOSA  |
2026-06-03 15:31:22: DEBUG    | '99bfd38680264b480c46c8f6abef48e0db8a4cfa6191dd4e045f0d9119b715e4': AUTENTICACION_EXITOSA |
2026-06-03 15:31:22: DEBUG    | '9114603424b9444d6fb1deae476f0a36c9c19d5ac125164005a5a0e0f0928cfe': AUTENTICACION_EXITOSA  |
2026-06-03 15:31:22: DEBUG    | '99bfd38680264b480c46c8f6abef48e0db8a4cfa6191dd4e045f0d9119b715e4': AUTENTICACION_EXITOSA |
2026-06-03 15:31:22: DEBUG    | '9114603424b9444d6fb1deae476f0a36c9c19d5ac125164005a5a0e0f0928cfe': AUTENTICACION_EXITOSA  |
2026-06-03 15:31:23: INFO     | '262677c44c45a42e8dd4448d8435108bf4db32b876e28ceb2249126f0b9381e6': CREDENCIAL_ANADIDA: Servicio=GitHub, Usuario=user1 |
2026-06-03 15:31:23: DEBUG    | '99bfd38680264b480c46c8f6abef48e0db8a4cfa6191dd4e045f0d9119b715e4': AUTENTICACION_EXITOSA |
2026-06-03 15:31:23: DEBUG    | '9114603424b9444d6fb1deae476f0a36c9c19d5ac125164005a5a0e0f0928cfe': AUTENTICACION_EXITOSA  |
2026-06-03 15:31:23: WARNING  | '62235fe0f8b7c690391a86ae017a48661f851449ae9d5894e2f306abede5dfd2': LOG CORRUPTO: El archivo log_gestor_credenciales.log ha sido modificado |
2026-06-03 15:31:23: INFO     | '4c5e4868b3d22d487155e62a0573525736e5433d98ebedd1b42302e10f7823bf': GestorCredenciales inicializado correctamente |
2026-06-03 15:31:23: ERROR    | '71a77524ab3bfbe676277fb28c5aceed78d0cf32e774d8f08e0027598287ae8b': Símbolos no permitidos. Servicio: GitHub; DROP TABLE, Usuario: user1 |
2026-06-03 15:31:23: WARNING  | 'd16de1a0f950ce4376427fc49bf62e2cb3594da681ba436e5f15011bee939396': LOG CORRUPTO: El archivo log_gestor_credenciales.log ha sido modificado |
2026-06-03 15:31:23: INFO     | '4c5e4868b3d22d487155e62a0573525736e5433d98ebedd1b42302e10f7823bf': GestorCredenciales inicializado correctamente |
2026-06-03 15:31:23: WARNING  | 'c487203c0e72664882a67dc59dfeefd77d5ecdd1573512d452806ade94aa2978': LOG CORRUPTO: El archivo log_gestor_credenciales.log ha sido modificado |
2026-06-03 15:31:23: INFO     | '4c5e4868b3d22d487155e62a0573525736e5433d98ebedd1b42302e10f7823bf': GestorCredenciales inicializado correctamente |
2026-06-03 15:31:23: ERROR    | '5a3a2ab08e42ffefec19c8e24b3a52baf10429f3cd9b7b69695be403d6bb577a': Símbolos no permitidos. Servicio: GitHub, Usuario: user<> |
2026-06-03 15:31:23: WARNING  | '04b6ecb42c601490e98c223239b22a7e0dc7a6f71e08faffacd3e363783693ce': LOG CORRUPTO: El archivo log_gestor_credenciales.log ha sido modificado |
2026-06-03 15:31:23: INFO     | '4c5e4868b3d22d487155e62a0573525736e5433d98ebedd1b42302e10f7823bf': GestorCredenciales inicializado correctamente |
2026-06-03 15:31:23: WARNING  | 'c487203c0e72664882a67dc59dfeefd77d5ecdd1573512d452806ade94aa2978': LOG CORRUPTO: El archivo log_gestor_credenciales.log ha sido modificado |
2026-06-03 15:31:24: INFO     | '4c5e4868b3d22d487155e62a0573525736e5433d98ebedd1b42302e10f7823bf': GestorCredenciales inicializado correctamente |
2026-06-03 15:31:24: DEBUG    | '99bfd38680264b480c46c8f6abef48e0db8a4cfa6191dd4e045f0d9119b715e4': AUTENTICACION_EXITOSA |
2026-06-03 15:31:24: DEBUG    | '9114603424b9444d6fb1deae476f0a36c9c19d5ac125164005a5a0e0f0928cfe': AUTENTICACION_EXITOSA  |
2026-06-03 15:31:24: DEBUG    | '99bfd38680264b480c46c8f6abef48e0db8a4cfa6191dd4e045f0d9119b715e4': AUTENTICACION_EXITOSA |
2026-06-03 15:31:24: DEBUG    | '9114603424b9444d6fb1deae476f0a36c9c19d5ac125164005a5a0e0f0928cfe': AUTENTICACION_EXITOSA  |
2026-06-03 15:31:24: DEBUG    | '99bfd38680264b480c46c8f6abef48e0db8a4cfa6191dd4e045f0d9119b715e4': AUTENTICACION_EXITOSA |
2026-06-03 15:31:24: DEBUG    | '9114603424b9444d6fb1deae476f0a36c9c19d5ac125164005a5a0e0f0928cfe': AUTENTICACION_EXITOSA  |
2026-06-03 15:31:24: INFO     | '2805fcc1dc14df1865ac0d8c9749326338c290215cf4766f4c3c2d1c6d5c51ff': CREDENCIAL_ANADIDA: Servicio=GitHub, Usuario=uuuuuuuuuuuuuuuuuuuuuuuuuuuuuuuuuuuuuuuuuuuuuuuuuuuuuuuuuuuuuuuuuuuuuuuuuuuuuuuuuuuuuuuuuuuuuuuuuuuuuuuuuuuuuuuuuuuuuuuuuuuuuuuuuuuuuuuuuuuuuuuuuuuuuuuuuuuuuuuuuuuuuuuuuuuuuuuuuuuuuuuuuuuuuuuuuuuuuuuuuuuuuuuuuuuuuuuuuuuuuuuuuuuuuuuuuuuuuuuuuuuuuuuuuuuuuuu |
2026-06-03 15:31:24: WARNING  | '704db98ec169abb2c124e292de4f171466251fdb4837ec0ffe42994d01a200e2': LOG CORRUPTO: El archivo log_gestor_credenciales.log ha sido modificado |
2026-06-03 15:31:24: INFO     | '4c5e4868b3d22d487155e62a0573525736e5433d98ebedd1b42302e10f7823bf': GestorCredenciales inicializado correctamente |
2026-06-03 15:31:24: WARNING  | 'c487203c0e72664882a67dc59dfeefd77d5ecdd1573512d452806ade94aa2978': LOG CORRUPTO: El archivo log_gestor_credenciales.log ha sido modificado |
2026-06-03 15:31:25: INFO     | '4c5e4868b3d22d487155e62a0573525736e5433d98ebedd1b42302e10f7823bf': GestorCredenciales inicializado correctamente |
2026-06-03 15:31:25: WARNING  | 'c487203c0e72664882a67dc59dfeefd77d5ecdd1573512d452806ade94aa2978': LOG CORRUPTO: El archivo log_gestor_credenciales.log ha sido modificado |
2026-06-03 15:31:25: INFO     | '4c5e4868b3d22d487155e62a0573525736e5433d98ebedd1b42302e10f7823bf': GestorCredenciales inicializado correctamente |
2026-06-03 15:31:25: WARNING  | 'c487203c0e72664882a67dc59dfeefd77d5ecdd1573512d452806ade94aa2978': LOG CORRUPTO: El archivo log_gestor_credenciales.log ha sido modificado |
2026-06-03 15:31:25: INFO     | '4c5e4868b3d22d487155e62a0573525736e5433d98ebedd1b42302e10f7823bf': GestorCredenciales inicializado correctamente |
2026-06-03 15:31:25: DEBUG    | '99bfd38680264b480c46c8f6abef48e0db8a4cfa6191dd4e045f0d9119b715e4': AUTENTICACION_EXITOSA |
2026-06-03 15:31:25: DEBUG    | '9114603424b9444d6fb1deae476f0a36c9c19d5ac125164005a5a0e0f0928cfe': AUTENTICACION_EXITOSA  |
2026-06-03 15:31:25: DEBUG    | '99bfd38680264b480c46c8f6abef48e0db8a4cfa6191dd4e045f0d9119b715e4': AUTENTICACION_EXITOSA |
2026-06-03 15:31:25: DEBUG    | '9114603424b9444d6fb1deae476f0a36c9c19d5ac125164005a5a0e0f0928cfe': AUTENTICACION_EXITOSA  |
2026-06-03 15:31:25: DEBUG    | '99bfd38680264b480c46c8f6abef48e0db8a4cfa6191dd4e045f0d9119b715e4': AUTENTICACION_EXITOSA |
2026-06-03 15:31:25: DEBUG    | '9114603424b9444d6fb1deae476f0a36c9c19d5ac125164005a5a0e0f0928cfe': AUTENTICACION_EXITOSA  |
2026-06-03 15:31:26: INFO     | '2ee9a289da734a6fde48ef3fa34ab05adf97122c039a05a3d1b55e912657a211': CREDENCIAL_ANADIDA: Servicio=GitHub, Usuario=user_name-123 |
2026-06-03 15:31:26: WARNING  | '07a9b1bc28f6fb36553322d2b4547783b78760b0f773f2cf419c41341b9b9153': LOG CORRUPTO: El archivo log_gestor_credenciales.log ha sido modificado |
2026-06-03 15:31:26: INFO     | '4c5e4868b3d22d487155e62a0573525736e5433d98ebedd1b42302e10f7823bf': GestorCredenciales inicializado correctamente |
2026-06-03 15:31:26: DEBUG    | '99bfd38680264b480c46c8f6abef48e0db8a4cfa6191dd4e045f0d9119b715e4': AUTENTICACION_EXITOSA |
2026-06-03 15:31:26: DEBUG    | '9114603424b9444d6fb1deae476f0a36c9c19d5ac125164005a5a0e0f0928cfe': AUTENTICACION_EXITOSA  |
2026-06-03 15:31:26: DEBUG    | '99bfd38680264b480c46c8f6abef48e0db8a4cfa6191dd4e045f0d9119b715e4': AUTENTICACION_EXITOSA |
2026-06-03 15:31:26: DEBUG    | '9114603424b9444d6fb1deae476f0a36c9c19d5ac125164005a5a0e0f0928cfe': AUTENTICACION_EXITOSA  |
2026-06-03 15:31:26: DEBUG    | '99bfd38680264b480c46c8f6abef48e0db8a4cfa6191dd4e045f0d9119b715e4': AUTENTICACION_EXITOSA |
2026-06-03 15:31:26: DEBUG    | '9114603424b9444d6fb1deae476f0a36c9c19d5ac125164005a5a0e0f0928cfe': AUTENTICACION_EXITOSA  |
2026-06-03 15:31:26: INFO     | '262677c44c45a42e8dd4448d8435108bf4db32b876e28ceb2249126f0b9381e6': CREDENCIAL_ANADIDA: Servicio=GitHub, Usuario=user1 |
2026-06-03 15:31:26: WARNING  | '232f7ab1274d453d8dc77980b828c47fd4598bbb1fe3376603b54a9e78344e46': LOG CORRUPTO: El archivo log_gestor_credenciales.log ha sido modificado |
2026-06-03 15:31:27: INFO     | '4c5e4868b3d22d487155e62a0573525736e5433d98ebedd1b42302e10f7823bf': GestorCredenciales inicializado correctamente |
2026-06-03 15:31:27: DEBUG    | '99bfd38680264b480c46c8f6abef48e0db8a4cfa6191dd4e045f0d9119b715e4': AUTENTICACION_EXITOSA |
2026-06-03 15:31:27: DEBUG    | '9114603424b9444d6fb1deae476f0a36c9c19d5ac125164005a5a0e0f0928cfe': AUTENTICACION_EXITOSA  |
2026-06-03 15:31:27: DEBUG    | '99bfd38680264b480c46c8f6abef48e0db8a4cfa6191dd4e045f0d9119b715e4': AUTENTICACION_EXITOSA |
2026-06-03 15:31:27: DEBUG    | '9114603424b9444d6fb1deae476f0a36c9c19d5ac125164005a5a0e0f0928cfe': AUTENTICACION_EXITOSA  |
2026-06-03 15:31:27: DEBUG    | '99bfd38680264b480c46c8f6abef48e0db8a4cfa6191dd4e045f0d9119b715e4': AUTENTICACION_EXITOSA |
2026-06-03 15:31:27: DEBUG    | '9114603424b9444d6fb1deae476f0a36c9c19d5ac125164005a5a0e0f0928cfe': AUTENTICACION_EXITOSA  |
2026-06-03 15:31:27: INFO     | '8dd72c4531d27d459da107640c7c246c7978ac2091a38bd277e39a17e198e8d0': CREDENCIAL_ANADIDA: Servicio=GitHub, Usuario=u |
2026-06-03 15:31:27: WARNING  | 'c264c48bde834e209fd1321bf50b87f15e2f7f446ffabbe3c0455c4b2b388027': LOG CORRUPTO: El archivo log_gestor_credenciales.log ha sido modificado |
2026-06-03 15:31:27: INFO     | '4c5e4868b3d22d487155e62a0573525736e5433d98ebedd1b42302e10f7823bf': GestorCredenciales inicializado correctamente |
2026-06-03 15:31:27: ERROR    | '455f0507e7bffb74e90addc759f0b49c76b01a68b677245e984b19e150497ec1': Símbolos no permitidos. Servicio: GitHub, Usuario: <script>alert(1)</script> |
2026-06-03 15:31:27: WARNING  | 'bb15bb9b01c8358da6a8e804b4231789a72edfd12e75cca900606f09ba7a20bf': LOG CORRUPTO: El archivo log_gestor_credenciales.log ha sido modificado |
2026-06-03 15:31:28: INFO     | '4c5e4868b3d22d487155e62a0573525736e5433d98ebedd1b42302e10f7823bf': GestorCredenciales inicializado correctamente |
2026-06-03 15:31:28: WARNING  | 'c487203c0e72664882a67dc59dfeefd77d5ecdd1573512d452806ade94aa2978': LOG CORRUPTO: El archivo log_gestor_credenciales.log ha sido modificado |
2026-06-03 15:31:28: INFO     | '4c5e4868b3d22d487155e62a0573525736e5433d98ebedd1b42302e10f7823bf': GestorCredenciales inicializado correctamente |
2026-06-03 15:31:28: WARNING  | 'c487203c0e72664882a67dc59dfeefd77d5ecdd1573512d452806ade94aa2978': LOG CORRUPTO: El archivo log_gestor_credenciales.log ha sido modificado |
2026-06-03 15:31:28: INFO     | '4c5e4868b3d22d487155e62a0573525736e5433d98ebedd1b42302e10f7823bf': GestorCredenciales inicializado correctamente |
2026-06-03 15:31:28: DEBUG    | '99bfd38680264b480c46c8f6abef48e0db8a4cfa6191dd4e045f0d9119b715e4': AUTENTICACION_EXITOSA |
2026-06-03 15:31:28: DEBUG    | '9114603424b9444d6fb1deae476f0a36c9c19d5ac125164005a5a0e0f0928cfe': AUTENTICACION_EXITOSA  |
2026-06-03 15:31:28: DEBUG    | '99bfd38680264b480c46c8f6abef48e0db8a4cfa6191dd4e045f0d9119b715e4': AUTENTICACION_EXITOSA |
2026-06-03 15:31:28: DEBUG    | '9114603424b9444d6fb1deae476f0a36c9c19d5ac125164005a5a0e0f0928cfe': AUTENTICACION_EXITOSA  |
2026-06-03 15:31:29: DEBUG    | '99bfd38680264b480c46c8f6abef48e0db8a4cfa6191dd4e045f0d9119b715e4': AUTENTICACION_EXITOSA |
2026-06-03 15:31:29: DEBUG    | '9114603424b9444d6fb1deae476f0a36c9c19d5ac125164005a5a0e0f0928cfe': AUTENTICACION_EXITOSA  |
2026-06-03 15:31:29: INFO     | '9859d3cb3401dcedc98b048afa7120a6d4e032a1d8f18904d4988be3eff57a33': CREDENCIAL_ANADIDA: Servicio=Binance, Usuario=usuario_api |
2026-06-03 15:31:29: DEBUG    | '99bfd38680264b480c46c8f6abef48e0db8a4cfa6191dd4e045f0d9119b715e4': AUTENTICACION_EXITOSA |
2026-06-03 15:31:29: DEBUG    | '9114603424b9444d6fb1deae476f0a36c9c19d5ac125164005a5a0e0f0928cfe': AUTENTICACION_EXITOSA  |
2026-06-03 15:31:29: DEBUG    | '99bfd38680264b480c46c8f6abef48e0db8a4cfa6191dd4e045f0d9119b715e4': AUTENTICACION_EXITOSA |
2026-06-03 15:31:29: DEBUG    | '9114603424b9444d6fb1deae476f0a36c9c19d5ac125164005a5a0e0f0928cfe': AUTENTICACION_EXITOSA  |
2026-06-03 15:31:30: WARNING  | '62235fe0f8b7c690391a86ae017a48661f851449ae9d5894e2f306abede5dfd2': LOG CORRUPTO: El archivo log_gestor_credenciales.log ha sido modificado |
2026-06-03 15:31:30: INFO     | '4c5e4868b3d22d487155e62a0573525736e5433d98ebedd1b42302e10f7823bf': GestorCredenciales inicializado correctamente |
2026-06-03 15:31:30: DEBUG    | '99bfd38680264b480c46c8f6abef48e0db8a4cfa6191dd4e045f0d9119b715e4': AUTENTICACION_EXITOSA |
2026-06-03 15:31:30: DEBUG    | '9114603424b9444d6fb1deae476f0a36c9c19d5ac125164005a5a0e0f0928cfe': AUTENTICACION_EXITOSA  |
2026-06-03 15:31:30: DEBUG    | '99bfd38680264b480c46c8f6abef48e0db8a4cfa6191dd4e045f0d9119b715e4': AUTENTICACION_EXITOSA |
2026-06-03 15:31:30: DEBUG    | '9114603424b9444d6fb1deae476f0a36c9c19d5ac125164005a5a0e0f0928cfe': AUTENTICACION_EXITOSA  |
2026-06-03 15:31:30: DEBUG    | '99bfd38680264b480c46c8f6abef48e0db8a4cfa6191dd4e045f0d9119b715e4': AUTENTICACION_EXITOSA |
2026-06-03 15:31:30: DEBUG    | '9114603424b9444d6fb1deae476f0a36c9c19d5ac125164005a5a0e0f0928cfe': AUTENTICACION_EXITOSA  |
2026-06-03 15:31:30: INFO     | '9859d3cb3401dcedc98b048afa7120a6d4e032a1d8f18904d4988be3eff57a33': CREDENCIAL_ANADIDA: Servicio=Binance, Usuario=usuario_api |
2026-06-03 15:31:31: WARNING  | 'a41dd045cfc2726afaa9d3e91bd2127f01f5a561dd4469fbff942001369bda38': LOG CORRUPTO: El archivo log_gestor_credenciales.log ha sido modificado |
2026-06-03 15:31:31: INFO     | '4c5e4868b3d22d487155e62a0573525736e5433d98ebedd1b42302e10f7823bf': GestorCredenciales inicializado correctamente |
2026-06-03 15:31:31: DEBUG    | '99bfd38680264b480c46c8f6abef48e0db8a4cfa6191dd4e045f0d9119b715e4': AUTENTICACION_EXITOSA |
2026-06-03 15:31:31: DEBUG    | '9114603424b9444d6fb1deae476f0a36c9c19d5ac125164005a5a0e0f0928cfe': AUTENTICACION_EXITOSA  |
2026-06-03 15:31:31: DEBUG    | '99bfd38680264b480c46c8f6abef48e0db8a4cfa6191dd4e045f0d9119b715e4': AUTENTICACION_EXITOSA |
2026-06-03 15:31:31: DEBUG    | '9114603424b9444d6fb1deae476f0a36c9c19d5ac125164005a5a0e0f0928cfe': AUTENTICACION_EXITOSA  |
2026-06-03 15:31:31: DEBUG    | '99bfd38680264b480c46c8f6abef48e0db8a4cfa6191dd4e045f0d9119b715e4': AUTENTICACION_EXITOSA |
2026-06-03 15:31:31: DEBUG    | '9114603424b9444d6fb1deae476f0a36c9c19d5ac125164005a5a0e0f0928cfe': AUTENTICACION_EXITOSA  |
2026-06-03 15:31:31: INFO     | '9859d3cb3401dcedc98b048afa7120a6d4e032a1d8f18904d4988be3eff57a33': CREDENCIAL_ANADIDA: Servicio=Binance, Usuario=usuario_api |
2026-06-03 15:31:32: DEBUG    | '99bfd38680264b480c46c8f6abef48e0db8a4cfa6191dd4e045f0d9119b715e4': AUTENTICACION_EXITOSA |
2026-06-03 15:31:32: DEBUG    | '9114603424b9444d6fb1deae476f0a36c9c19d5ac125164005a5a0e0f0928cfe': AUTENTICACION_EXITOSA  |
2026-06-03 15:31:32: WARNING  | '62235fe0f8b7c690391a86ae017a48661f851449ae9d5894e2f306abede5dfd2': LOG CORRUPTO: El archivo log_gestor_credenciales.log ha sido modificado |
2026-06-03 15:31:32: INFO     | '4c5e4868b3d22d487155e62a0573525736e5433d98ebedd1b42302e10f7823bf': GestorCredenciales inicializado correctamente |
2026-06-03 15:31:32: DEBUG    | '99bfd38680264b480c46c8f6abef48e0db8a4cfa6191dd4e045f0d9119b715e4': AUTENTICACION_EXITOSA |
2026-06-03 15:31:32: DEBUG    | '9114603424b9444d6fb1deae476f0a36c9c19d5ac125164005a5a0e0f0928cfe': AUTENTICACION_EXITOSA  |
2026-06-03 15:31:32: DEBUG    | '99bfd38680264b480c46c8f6abef48e0db8a4cfa6191dd4e045f0d9119b715e4': AUTENTICACION_EXITOSA |
2026-06-03 15:31:32: DEBUG    | '9114603424b9444d6fb1deae476f0a36c9c19d5ac125164005a5a0e0f0928cfe': AUTENTICACION_EXITOSA  |
2026-06-03 15:31:32: DEBUG    | '99bfd38680264b480c46c8f6abef48e0db8a4cfa6191dd4e045f0d9119b715e4': AUTENTICACION_EXITOSA |
2026-06-03 15:31:32: DEBUG    | '9114603424b9444d6fb1deae476f0a36c9c19d5ac125164005a5a0e0f0928cfe': AUTENTICACION_EXITOSA  |
2026-06-03 15:31:33: INFO     | '9859d3cb3401dcedc98b048afa7120a6d4e032a1d8f18904d4988be3eff57a33': CREDENCIAL_ANADIDA: Servicio=Binance, Usuario=usuario_api |
2026-06-03 15:31:33: DEBUG    | '99bfd38680264b480c46c8f6abef48e0db8a4cfa6191dd4e045f0d9119b715e4': AUTENTICACION_EXITOSA |
2026-06-03 15:31:33: DEBUG    | '9114603424b9444d6fb1deae476f0a36c9c19d5ac125164005a5a0e0f0928cfe': AUTENTICACION_EXITOSA  |
2026-06-03 15:31:33: WARNING  | '62235fe0f8b7c690391a86ae017a48661f851449ae9d5894e2f306abede5dfd2': LOG CORRUPTO: El archivo log_gestor_credenciales.log ha sido modificado |
2026-06-03 15:31:33: INFO     | '4c5e4868b3d22d487155e62a0573525736e5433d98ebedd1b42302e10f7823bf': GestorCredenciales inicializado correctamente |
2026-06-03 15:31:33: DEBUG    | '99bfd38680264b480c46c8f6abef48e0db8a4cfa6191dd4e045f0d9119b715e4': AUTENTICACION_EXITOSA |
2026-06-03 15:31:33: DEBUG    | '9114603424b9444d6fb1deae476f0a36c9c19d5ac125164005a5a0e0f0928cfe': AUTENTICACION_EXITOSA  |
2026-06-03 15:31:33: DEBUG    | '99bfd38680264b480c46c8f6abef48e0db8a4cfa6191dd4e045f0d9119b715e4': AUTENTICACION_EXITOSA |
2026-06-03 15:31:33: DEBUG    | '9114603424b9444d6fb1deae476f0a36c9c19d5ac125164005a5a0e0f0928cfe': AUTENTICACION_EXITOSA  |
2026-06-03 15:31:33: DEBUG    | '99bfd38680264b480c46c8f6abef48e0db8a4cfa6191dd4e045f0d9119b715e4': AUTENTICACION_EXITOSA |
2026-06-03 15:31:33: DEBUG    | '9114603424b9444d6fb1deae476f0a36c9c19d5ac125164005a5a0e0f0928cfe': AUTENTICACION_EXITOSA  |
2026-06-03 15:31:34: INFO     | '9859d3cb3401dcedc98b048afa7120a6d4e032a1d8f18904d4988be3eff57a33': CREDENCIAL_ANADIDA: Servicio=Binance, Usuario=usuario_api |
2026-06-03 15:31:34: DEBUG    | '99bfd38680264b480c46c8f6abef48e0db8a4cfa6191dd4e045f0d9119b715e4': AUTENTICACION_EXITOSA |
2026-06-03 15:31:34: DEBUG    | '9114603424b9444d6fb1deae476f0a36c9c19d5ac125164005a5a0e0f0928cfe': AUTENTICACION_EXITOSA  |
2026-06-03 15:31:34: WARNING  | '62235fe0f8b7c690391a86ae017a48661f851449ae9d5894e2f306abede5dfd2': LOG CORRUPTO: El archivo log_gestor_credenciales.log ha sido modificado |
2026-06-03 15:31:34: INFO     | '4c5e4868b3d22d487155e62a0573525736e5433d98ebedd1b42302e10f7823bf': GestorCredenciales inicializado correctamente |
2026-06-03 15:31:34: DEBUG    | '99bfd38680264b480c46c8f6abef48e0db8a4cfa6191dd4e045f0d9119b715e4': AUTENTICACION_EXITOSA |
2026-06-03 15:31:34: DEBUG    | '9114603424b9444d6fb1deae476f0a36c9c19d5ac125164005a5a0e0f0928cfe': AUTENTICACION_EXITOSA  |
2026-06-03 15:31:34: DEBUG    | '99bfd38680264b480c46c8f6abef48e0db8a4cfa6191dd4e045f0d9119b715e4': AUTENTICACION_EXITOSA |
2026-06-03 15:31:34: DEBUG    | '9114603424b9444d6fb1deae476f0a36c9c19d5ac125164005a5a0e0f0928cfe': AUTENTICACION_EXITOSA  |
2026-06-03 15:31:34: DEBUG    | '99bfd38680264b480c46c8f6abef48e0db8a4cfa6191dd4e045f0d9119b715e4': AUTENTICACION_EXITOSA |
2026-06-03 15:31:34: DEBUG    | '9114603424b9444d6fb1deae476f0a36c9c19d5ac125164005a5a0e0f0928cfe': AUTENTICACION_EXITOSA  |
2026-06-03 15:31:35: INFO     | '9859d3cb3401dcedc98b048afa7120a6d4e032a1d8f18904d4988be3eff57a33': CREDENCIAL_ANADIDA: Servicio=Binance, Usuario=usuario_api |
2026-06-03 15:31:35: DEBUG    | '99bfd38680264b480c46c8f6abef48e0db8a4cfa6191dd4e045f0d9119b715e4': AUTENTICACION_EXITOSA |
2026-06-03 15:31:35: DEBUG    | '9114603424b9444d6fb1deae476f0a36c9c19d5ac125164005a5a0e0f0928cfe': AUTENTICACION_EXITOSA  |
2026-06-03 15:31:35: WARNING  | '62235fe0f8b7c690391a86ae017a48661f851449ae9d5894e2f306abede5dfd2': LOG CORRUPTO: El archivo log_gestor_credenciales.log ha sido modificado |
2026-06-03 15:31:35: INFO     | '4c5e4868b3d22d487155e62a0573525736e5433d98ebedd1b42302e10f7823bf': GestorCredenciales inicializado correctamente |
2026-06-03 15:31:35: DEBUG    | '99bfd38680264b480c46c8f6abef48e0db8a4cfa6191dd4e045f0d9119b715e4': AUTENTICACION_EXITOSA |
2026-06-03 15:31:35: DEBUG    | '9114603424b9444d6fb1deae476f0a36c9c19d5ac125164005a5a0e0f0928cfe': AUTENTICACION_EXITOSA  |
2026-06-03 15:31:35: DEBUG    | '99bfd38680264b480c46c8f6abef48e0db8a4cfa6191dd4e045f0d9119b715e4': AUTENTICACION_EXITOSA |
2026-06-03 15:31:35: DEBUG    | '9114603424b9444d6fb1deae476f0a36c9c19d5ac125164005a5a0e0f0928cfe': AUTENTICACION_EXITOSA  |
2026-06-03 15:31:36: DEBUG    | '99bfd38680264b480c46c8f6abef48e0db8a4cfa6191dd4e045f0d9119b715e4': AUTENTICACION_EXITOSA |
2026-06-03 15:31:36: DEBUG    | '9114603424b9444d6fb1deae476f0a36c9c19d5ac125164005a5a0e0f0928cfe': AUTENTICACION_EXITOSA  |
2026-06-03 15:31:36: INFO     | '9859d3cb3401dcedc98b048afa7120a6d4e032a1d8f18904d4988be3eff57a33': CREDENCIAL_ANADIDA: Servicio=Binance, Usuario=usuario_api |
2026-06-03 15:31:36: WARNING  | 'a41dd045cfc2726afaa9d3e91bd2127f01f5a561dd4469fbff942001369bda38': LOG CORRUPTO: El archivo log_gestor_credenciales.log ha sido modificado |
2026-06-03 15:31:36: INFO     | '4c5e4868b3d22d487155e62a0573525736e5433d98ebedd1b42302e10f7823bf': GestorCredenciales inicializado correctamente |
2026-06-03 15:31:36: DEBUG    | '99bfd38680264b480c46c8f6abef48e0db8a4cfa6191dd4e045f0d9119b715e4': AUTENTICACION_EXITOSA |
2026-06-03 15:31:36: DEBUG    | '9114603424b9444d6fb1deae476f0a36c9c19d5ac125164005a5a0e0f0928cfe': AUTENTICACION_EXITOSA  |
2026-06-03 15:31:36: DEBUG    | '99bfd38680264b480c46c8f6abef48e0db8a4cfa6191dd4e045f0d9119b715e4': AUTENTICACION_EXITOSA |
2026-06-03 15:31:36: DEBUG    | '9114603424b9444d6fb1deae476f0a36c9c19d5ac125164005a5a0e0f0928cfe': AUTENTICACION_EXITOSA  |
2026-06-03 15:31:36: DEBUG    | '99bfd38680264b480c46c8f6abef48e0db8a4cfa6191dd4e045f0d9119b715e4': AUTENTICACION_EXITOSA |
2026-06-03 15:31:36: DEBUG    | '9114603424b9444d6fb1deae476f0a36c9c19d5ac125164005a5a0e0f0928cfe': AUTENTICACION_EXITOSA  |
2026-06-03 15:31:37: INFO     | '262677c44c45a42e8dd4448d8435108bf4db32b876e28ceb2249126f0b9381e6': CREDENCIAL_ANADIDA: Servicio=GitHub, Usuario=user1 |
2026-06-03 15:31:37: DEBUG    | '99bfd38680264b480c46c8f6abef48e0db8a4cfa6191dd4e045f0d9119b715e4': AUTENTICACION_EXITOSA |
2026-06-03 15:31:37: DEBUG    | '9114603424b9444d6fb1deae476f0a36c9c19d5ac125164005a5a0e0f0928cfe': AUTENTICACION_EXITOSA  |
2026-06-03 15:31:37: DEBUG    | '99bfd38680264b480c46c8f6abef48e0db8a4cfa6191dd4e045f0d9119b715e4': AUTENTICACION_EXITOSA |
2026-06-03 15:31:37: DEBUG    | '9114603424b9444d6fb1deae476f0a36c9c19d5ac125164005a5a0e0f0928cfe': AUTENTICACION_EXITOSA  |
2026-06-03 15:31:37: DEBUG    | '99bfd38680264b480c46c8f6abef48e0db8a4cfa6191dd4e045f0d9119b715e4': AUTENTICACION_EXITOSA |
2026-06-03 15:31:37: DEBUG    | '9114603424b9444d6fb1deae476f0a36c9c19d5ac125164005a5a0e0f0928cfe': AUTENTICACION_EXITOSA  |
2026-06-03 15:31:37: DEBUG    | '99bfd38680264b480c46c8f6abef48e0db8a4cfa6191dd4e045f0d9119b715e4': AUTENTICACION_EXITOSA |
2026-06-03 15:31:37: DEBUG    | '9114603424b9444d6fb1deae476f0a36c9c19d5ac125164005a5a0e0f0928cfe': AUTENTICACION_EXITOSA  |
2026-06-03 15:31:37: DEBUG    | '99bfd38680264b480c46c8f6abef48e0db8a4cfa6191dd4e045f0d9119b715e4': AUTENTICACION_EXITOSA |
2026-06-03 15:31:37: DEBUG    | '9114603424b9444d6fb1deae476f0a36c9c19d5ac125164005a5a0e0f0928cfe': AUTENTICACION_EXITOSA  |
2026-06-03 15:31:37: WARNING  | '62235fe0f8b7c690391a86ae017a48661f851449ae9d5894e2f306abede5dfd2': LOG CORRUPTO: El archivo log_gestor_credenciales.log ha sido modificado |
2026-06-03 15:31:38: INFO     | '4c5e4868b3d22d487155e62a0573525736e5433d98ebedd1b42302e10f7823bf': GestorCredenciales inicializado correctamente |
2026-06-03 15:31:38: DEBUG    | '99bfd38680264b480c46c8f6abef48e0db8a4cfa6191dd4e045f0d9119b715e4': AUTENTICACION_EXITOSA |
2026-06-03 15:31:38: DEBUG    | '9114603424b9444d6fb1deae476f0a36c9c19d5ac125164005a5a0e0f0928cfe': AUTENTICACION_EXITOSA  |
2026-06-03 15:31:38: DEBUG    | '99bfd38680264b480c46c8f6abef48e0db8a4cfa6191dd4e045f0d9119b715e4': AUTENTICACION_EXITOSA |
2026-06-03 15:31:38: DEBUG    | '9114603424b9444d6fb1deae476f0a36c9c19d5ac125164005a5a0e0f0928cfe': AUTENTICACION_EXITOSA  |
2026-06-03 15:31:38: DEBUG    | '99bfd38680264b480c46c8f6abef48e0db8a4cfa6191dd4e045f0d9119b715e4': AUTENTICACION_EXITOSA |
2026-06-03 15:31:38: DEBUG    | '9114603424b9444d6fb1deae476f0a36c9c19d5ac125164005a5a0e0f0928cfe': AUTENTICACION_EXITOSA  |
2026-06-03 15:31:38: INFO     | '262677c44c45a42e8dd4448d8435108bf4db32b876e28ceb2249126f0b9381e6': CREDENCIAL_ANADIDA: Servicio=GitHub, Usuario=user1 |
2026-06-03 15:31:38: WARNING  | '232f7ab1274d453d8dc77980b828c47fd4598bbb1fe3376603b54a9e78344e46': LOG CORRUPTO: El archivo log_gestor_credenciales.log ha sido modificado |
2026-06-03 15:31:39: INFO     | '4c5e4868b3d22d487155e62a0573525736e5433d98ebedd1b42302e10f7823bf': GestorCredenciales inicializado correctamente |
2026-06-03 15:31:39: DEBUG    | '99bfd38680264b480c46c8f6abef48e0db8a4cfa6191dd4e045f0d9119b715e4': AUTENTICACION_EXITOSA |
2026-06-03 15:31:39: DEBUG    | '9114603424b9444d6fb1deae476f0a36c9c19d5ac125164005a5a0e0f0928cfe': AUTENTICACION_EXITOSA  |
2026-06-03 15:31:39: DEBUG    | '99bfd38680264b480c46c8f6abef48e0db8a4cfa6191dd4e045f0d9119b715e4': AUTENTICACION_EXITOSA |
2026-06-03 15:31:39: DEBUG    | '9114603424b9444d6fb1deae476f0a36c9c19d5ac125164005a5a0e0f0928cfe': AUTENTICACION_EXITOSA  |
2026-06-03 15:31:39: DEBUG    | '99bfd38680264b480c46c8f6abef48e0db8a4cfa6191dd4e045f0d9119b715e4': AUTENTICACION_EXITOSA |
2026-06-03 15:31:39: DEBUG    | '9114603424b9444d6fb1deae476f0a36c9c19d5ac125164005a5a0e0f0928cfe': AUTENTICACION_EXITOSA  |
2026-06-03 15:31:39: INFO     | '262677c44c45a42e8dd4448d8435108bf4db32b876e28ceb2249126f0b9381e6': CREDENCIAL_ANADIDA: Servicio=GitHub, Usuario=user1 |
2026-06-03 15:31:39: DEBUG    | '99bfd38680264b480c46c8f6abef48e0db8a4cfa6191dd4e045f0d9119b715e4': AUTENTICACION_EXITOSA |
2026-06-03 15:31:39: DEBUG    | '9114603424b9444d6fb1deae476f0a36c9c19d5ac125164005a5a0e0f0928cfe': AUTENTICACION_EXITOSA  |
2026-06-03 15:31:40: DEBUG    | '99bfd38680264b480c46c8f6abef48e0db8a4cfa6191dd4e045f0d9119b715e4': AUTENTICACION_EXITOSA |
2026-06-03 15:31:40: DEBUG    | '9114603424b9444d6fb1deae476f0a36c9c19d5ac125164005a5a0e0f0928cfe': AUTENTICACION_EXITOSA  |
2026-06-03 15:31:40: WARNING  | '62235fe0f8b7c690391a86ae017a48661f851449ae9d5894e2f306abede5dfd2': LOG CORRUPTO: El archivo log_gestor_credenciales.log ha sido modificado |
2026-06-03 15:31:40: INFO     | '4c5e4868b3d22d487155e62a0573525736e5433d98ebedd1b42302e10f7823bf': GestorCredenciales inicializado correctamente |
2026-06-03 15:31:40: DEBUG    | '99bfd38680264b480c46c8f6abef48e0db8a4cfa6191dd4e045f0d9119b715e4': AUTENTICACION_EXITOSA |
2026-06-03 15:31:40: DEBUG    | '9114603424b9444d6fb1deae476f0a36c9c19d5ac125164005a5a0e0f0928cfe': AUTENTICACION_EXITOSA  |
2026-06-03 15:31:40: DEBUG    | '99bfd38680264b480c46c8f6abef48e0db8a4cfa6191dd4e045f0d9119b715e4': AUTENTICACION_EXITOSA |
2026-06-03 15:31:40: DEBUG    | '9114603424b9444d6fb1deae476f0a36c9c19d5ac125164005a5a0e0f0928cfe': AUTENTICACION_EXITOSA  |
2026-06-03 15:31:40: DEBUG    | '99bfd38680264b480c46c8f6abef48e0db8a4cfa6191dd4e045f0d9119b715e4': AUTENTICACION_EXITOSA |
2026-06-03 15:31:40: DEBUG    | '9114603424b9444d6fb1deae476f0a36c9c19d5ac125164005a5a0e0f0928cfe': AUTENTICACION_EXITOSA  |
2026-06-03 15:31:40: INFO     | '262677c44c45a42e8dd4448d8435108bf4db32b876e28ceb2249126f0b9381e6': CREDENCIAL_ANADIDA: Servicio=GitHub, Usuario=user1 |
2026-06-03 15:31:41: DEBUG    | '99bfd38680264b480c46c8f6abef48e0db8a4cfa6191dd4e045f0d9119b715e4': AUTENTICACION_EXITOSA |
2026-06-03 15:31:41: DEBUG    | '9114603424b9444d6fb1deae476f0a36c9c19d5ac125164005a5a0e0f0928cfe': AUTENTICACION_EXITOSA  |
2026-06-03 15:31:41: DEBUG    | '99bfd38680264b480c46c8f6abef48e0db8a4cfa6191dd4e045f0d9119b715e4': AUTENTICACION_EXITOSA |
2026-06-03 15:31:41: DEBUG    | '9114603424b9444d6fb1deae476f0a36c9c19d5ac125164005a5a0e0f0928cfe': AUTENTICACION_EXITOSA  |
2026-06-03 15:31:41: INFO     | '9a927e07e4b70c9c1087c0dcfc25704a24fdce2fcbbb42a1e8abf31d2d41f679': CREDENCIAL_ANADIDA: Servicio=GitHub, Usuario=user2 |
2026-06-03 15:31:41: DEBUG    | '99bfd38680264b480c46c8f6abef48e0db8a4cfa6191dd4e045f0d9119b715e4': AUTENTICACION_EXITOSA |
2026-06-03 15:31:41: DEBUG    | '9114603424b9444d6fb1deae476f0a36c9c19d5ac125164005a5a0e0f0928cfe': AUTENTICACION_EXITOSA  |
2026-06-03 15:31:41: DEBUG    | '99bfd38680264b480c46c8f6abef48e0db8a4cfa6191dd4e045f0d9119b715e4': AUTENTICACION_EXITOSA |
2026-06-03 15:31:41: DEBUG    | '9114603424b9444d6fb1deae476f0a36c9c19d5ac125164005a5a0e0f0928cfe': AUTENTICACION_EXITOSA  |
2026-06-03 15:31:41: DEBUG    | '99bfd38680264b480c46c8f6abef48e0db8a4cfa6191dd4e045f0d9119b715e4': AUTENTICACION_EXITOSA |
2026-06-03 15:31:41: DEBUG    | '9114603424b9444d6fb1deae476f0a36c9c19d5ac125164005a5a0e0f0928cfe': AUTENTICACION_EXITOSA  |
2026-06-03 15:31:41: WARNING  | '62235fe0f8b7c690391a86ae017a48661f851449ae9d5894e2f306abede5dfd2': LOG CORRUPTO: El archivo log_gestor_credenciales.log ha sido modificado |
2026-06-03 15:31:42: INFO     | '4c5e4868b3d22d487155e62a0573525736e5433d98ebedd1b42302e10f7823bf': GestorCredenciales inicializado correctamente |
2026-06-03 15:31:42: DEBUG    | '99bfd38680264b480c46c8f6abef48e0db8a4cfa6191dd4e045f0d9119b715e4': AUTENTICACION_EXITOSA |
2026-06-03 15:31:42: DEBUG    | '9114603424b9444d6fb1deae476f0a36c9c19d5ac125164005a5a0e0f0928cfe': AUTENTICACION_EXITOSA  |
2026-06-03 15:31:42: DEBUG    | '99bfd38680264b480c46c8f6abef48e0db8a4cfa6191dd4e045f0d9119b715e4': AUTENTICACION_EXITOSA |
2026-06-03 15:31:42: DEBUG    | '9114603424b9444d6fb1deae476f0a36c9c19d5ac125164005a5a0e0f0928cfe': AUTENTICACION_EXITOSA  |
2026-06-03 15:31:42: DEBUG    | '99bfd38680264b480c46c8f6abef48e0db8a4cfa6191dd4e045f0d9119b715e4': AUTENTICACION_EXITOSA |
2026-06-03 15:31:42: DEBUG    | '9114603424b9444d6fb1deae476f0a36c9c19d5ac125164005a5a0e0f0928cfe': AUTENTICACION_EXITOSA  |
2026-06-03 15:31:42: INFO     | '262677c44c45a42e8dd4448d8435108bf4db32b876e28ceb2249126f0b9381e6': CREDENCIAL_ANADIDA: Servicio=GitHub, Usuario=user1 |
2026-06-03 15:31:42: WARNING  | '232f7ab1274d453d8dc77980b828c47fd4598bbb1fe3376603b54a9e78344e46': LOG CORRUPTO: El archivo log_gestor_credenciales.log ha sido modificado |
2026-06-03 15:31:42: INFO     | '4c5e4868b3d22d487155e62a0573525736e5433d98ebedd1b42302e10f7823bf': GestorCredenciales inicializado correctamente |
2026-06-03 15:31:43: DEBUG    | '99bfd38680264b480c46c8f6abef48e0db8a4cfa6191dd4e045f0d9119b715e4': AUTENTICACION_EXITOSA |
2026-06-03 15:31:43: DEBUG    | '9114603424b9444d6fb1deae476f0a36c9c19d5ac125164005a5a0e0f0928cfe': AUTENTICACION_EXITOSA  |
2026-06-03 15:31:43: DEBUG    | '99bfd38680264b480c46c8f6abef48e0db8a4cfa6191dd4e045f0d9119b715e4': AUTENTICACION_EXITOSA |
2026-06-03 15:31:43: DEBUG    | '9114603424b9444d6fb1deae476f0a36c9c19d5ac125164005a5a0e0f0928cfe': AUTENTICACION_EXITOSA  |
2026-06-03 15:31:43: DEBUG    | '99bfd38680264b480c46c8f6abef48e0db8a4cfa6191dd4e045f0d9119b715e4': AUTENTICACION_EXITOSA |
2026-06-03 15:31:43: DEBUG    | '9114603424b9444d6fb1deae476f0a36c9c19d5ac125164005a5a0e0f0928cfe': AUTENTICACION_EXITOSA  |
2026-06-03 15:31:43: INFO     | '262677c44c45a42e8dd4448d8435108bf4db32b876e28ceb2249126f0b9381e6': CREDENCIAL_ANADIDA: Servicio=GitHub, Usuario=user1 |
2026-06-03 15:31:43: DEBUG    | '99bfd38680264b480c46c8f6abef48e0db8a4cfa6191dd4e045f0d9119b715e4': AUTENTICACION_EXITOSA |
2026-06-03 15:31:43: DEBUG    | '9114603424b9444d6fb1deae476f0a36c9c19d5ac125164005a5a0e0f0928cfe': AUTENTICACION_EXITOSA  |
2026-06-03 15:31:43: DEBUG    | '99bfd38680264b480c46c8f6abef48e0db8a4cfa6191dd4e045f0d9119b715e4': AUTENTICACION_EXITOSA |
2026-06-03 15:31:43: DEBUG    | '9114603424b9444d6fb1deae476f0a36c9c19d5ac125164005a5a0e0f0928cfe': AUTENTICACION_EXITOSA  |
2026-06-03 15:31:44: DEBUG    | '99bfd38680264b480c46c8f6abef48e0db8a4cfa6191dd4e045f0d9119b715e4': AUTENTICACION_EXITOSA |
2026-06-03 15:31:44: DEBUG    | '9114603424b9444d6fb1deae476f0a36c9c19d5ac125164005a5a0e0f0928cfe': AUTENTICACION_EXITOSA  |
2026-06-03 15:31:44: DEBUG    | '99bfd38680264b480c46c8f6abef48e0db8a4cfa6191dd4e045f0d9119b715e4': AUTENTICACION_EXITOSA |
2026-06-03 15:31:44: DEBUG    | '9114603424b9444d6fb1deae476f0a36c9c19d5ac125164005a5a0e0f0928cfe': AUTENTICACION_EXITOSA  |
2026-06-03 15:31:44: DEBUG    | '99bfd38680264b480c46c8f6abef48e0db8a4cfa6191dd4e045f0d9119b715e4': AUTENTICACION_EXITOSA |
2026-06-03 15:31:44: DEBUG    | '9114603424b9444d6fb1deae476f0a36c9c19d5ac125164005a5a0e0f0928cfe': AUTENTICACION_EXITOSA  |
2026-06-03 15:31:44: WARNING  | '62235fe0f8b7c690391a86ae017a48661f851449ae9d5894e2f306abede5dfd2': LOG CORRUPTO: El archivo log_gestor_credenciales.log ha sido modificado |
2026-06-03 15:31:44: INFO     | '4c5e4868b3d22d487155e62a0573525736e5433d98ebedd1b42302e10f7823bf': GestorCredenciales inicializado correctamente |
2026-06-03 15:31:44: DEBUG    | '99bfd38680264b480c46c8f6abef48e0db8a4cfa6191dd4e045f0d9119b715e4': AUTENTICACION_EXITOSA |
2026-06-03 15:31:44: DEBUG    | '9114603424b9444d6fb1deae476f0a36c9c19d5ac125164005a5a0e0f0928cfe': AUTENTICACION_EXITOSA  |
2026-06-03 15:31:44: DEBUG    | '99bfd38680264b480c46c8f6abef48e0db8a4cfa6191dd4e045f0d9119b715e4': AUTENTICACION_EXITOSA |
2026-06-03 15:31:44: DEBUG    | '9114603424b9444d6fb1deae476f0a36c9c19d5ac125164005a5a0e0f0928cfe': AUTENTICACION_EXITOSA  |
2026-06-03 15:31:45: DEBUG    | '99bfd38680264b480c46c8f6abef48e0db8a4cfa6191dd4e045f0d9119b715e4': AUTENTICACION_EXITOSA |
2026-06-03 15:31:45: DEBUG    | '9114603424b9444d6fb1deae476f0a36c9c19d5ac125164005a5a0e0f0928cfe': AUTENTICACION_EXITOSA  |
2026-06-03 15:31:45: INFO     | '262677c44c45a42e8dd4448d8435108bf4db32b876e28ceb2249126f0b9381e6': CREDENCIAL_ANADIDA: Servicio=GitHub, Usuario=user1 |
2026-06-03 15:31:45: WARNING  | '232f7ab1274d453d8dc77980b828c47fd4598bbb1fe3376603b54a9e78344e46': LOG CORRUPTO: El archivo log_gestor_credenciales.log ha sido modificado |
2026-06-03 15:31:45: INFO     | '4c5e4868b3d22d487155e62a0573525736e5433d98ebedd1b42302e10f7823bf': GestorCredenciales inicializado correctamente |
2026-06-03 15:31:45: DEBUG    | '99bfd38680264b480c46c8f6abef48e0db8a4cfa6191dd4e045f0d9119b715e4': AUTENTICACION_EXITOSA |
2026-06-03 15:31:45: DEBUG    | '9114603424b9444d6fb1deae476f0a36c9c19d5ac125164005a5a0e0f0928cfe': AUTENTICACION_EXITOSA  |
2026-06-03 15:31:45: DEBUG    | '99bfd38680264b480c46c8f6abef48e0db8a4cfa6191dd4e045f0d9119b715e4': AUTENTICACION_EXITOSA |
2026-06-03 15:31:45: DEBUG    | '9114603424b9444d6fb1deae476f0a36c9c19d5ac125164005a5a0e0f0928cfe': AUTENTICACION_EXITOSA  |
2026-06-03 15:31:45: DEBUG    | '99bfd38680264b480c46c8f6abef48e0db8a4cfa6191dd4e045f0d9119b715e4': AUTENTICACION_EXITOSA |
2026-06-03 15:31:45: DEBUG    | '9114603424b9444d6fb1deae476f0a36c9c19d5ac125164005a5a0e0f0928cfe': AUTENTICACION_EXITOSA  |
2026-06-03 15:31:46: INFO     | '262677c44c45a42e8dd4448d8435108bf4db32b876e28ceb2249126f0b9381e6': CREDENCIAL_ANADIDA: Servicio=GitHub, Usuario=user1 |
2026-06-03 15:31:46: WARNING  | '232f7ab1274d453d8dc77980b828c47fd4598bbb1fe3376603b54a9e78344e46': LOG CORRUPTO: El archivo log_gestor_credenciales.log ha sido modificado |
2026-06-03 15:31:46: INFO     | '4c5e4868b3d22d487155e62a0573525736e5433d98ebedd1b42302e10f7823bf': GestorCredenciales inicializado correctamente |
2026-06-03 15:31:46: DEBUG    | '99bfd38680264b480c46c8f6abef48e0db8a4cfa6191dd4e045f0d9119b715e4': AUTENTICACION_EXITOSA |
2026-06-03 15:31:46: DEBUG    | '9114603424b9444d6fb1deae476f0a36c9c19d5ac125164005a5a0e0f0928cfe': AUTENTICACION_EXITOSA  |
2026-06-03 15:31:46: DEBUG    | '99bfd38680264b480c46c8f6abef48e0db8a4cfa6191dd4e045f0d9119b715e4': AUTENTICACION_EXITOSA |
2026-06-03 15:31:46: DEBUG    | '9114603424b9444d6fb1deae476f0a36c9c19d5ac125164005a5a0e0f0928cfe': AUTENTICACION_EXITOSA  |
2026-06-03 15:31:46: DEBUG    | '99bfd38680264b480c46c8f6abef48e0db8a4cfa6191dd4e045f0d9119b715e4': AUTENTICACION_EXITOSA |
2026-06-03 15:31:46: DEBUG    | '9114603424b9444d6fb1deae476f0a36c9c19d5ac125164005a5a0e0f0928cfe': AUTENTICACION_EXITOSA  |
2026-06-03 15:31:46: INFO     | '262677c44c45a42e8dd4448d8435108bf4db32b876e28ceb2249126f0b9381e6': CREDENCIAL_ANADIDA: Servicio=GitHub, Usuario=user1 |
2026-06-03 15:31:46: WARNING  | '232f7ab1274d453d8dc77980b828c47fd4598bbb1fe3376603b54a9e78344e46': LOG CORRUPTO: El archivo log_gestor_credenciales.log ha sido modificado |
2026-06-03 15:31:47: INFO     | '4c5e4868b3d22d487155e62a0573525736e5433d98ebedd1b42302e10f7823bf': GestorCredenciales inicializado correctamente |
2026-06-03 15:31:47: DEBUG    | '99bfd38680264b480c46c8f6abef48e0db8a4cfa6191dd4e045f0d9119b715e4': AUTENTICACION_EXITOSA |
2026-06-03 15:31:47: DEBUG    | '9114603424b9444d6fb1deae476f0a36c9c19d5ac125164005a5a0e0f0928cfe': AUTENTICACION_EXITOSA  |
2026-06-03 15:31:47: DEBUG    | '99bfd38680264b480c46c8f6abef48e0db8a4cfa6191dd4e045f0d9119b715e4': AUTENTICACION_EXITOSA |
2026-06-03 15:31:47: DEBUG    | '9114603424b9444d6fb1deae476f0a36c9c19d5ac125164005a5a0e0f0928cfe': AUTENTICACION_EXITOSA  |
2026-06-03 15:31:47: DEBUG    | '99bfd38680264b480c46c8f6abef48e0db8a4cfa6191dd4e045f0d9119b715e4': AUTENTICACION_EXITOSA |
2026-06-03 15:31:47: DEBUG    | '9114603424b9444d6fb1deae476f0a36c9c19d5ac125164005a5a0e0f0928cfe': AUTENTICACION_EXITOSA  |
2026-06-03 15:31:47: INFO     | '262677c44c45a42e8dd4448d8435108bf4db32b876e28ceb2249126f0b9381e6': CREDENCIAL_ANADIDA: Servicio=GitHub, Usuario=user1 |
2026-06-03 15:31:47: WARNING  | '232f7ab1274d453d8dc77980b828c47fd4598bbb1fe3376603b54a9e78344e46': LOG CORRUPTO: El archivo log_gestor_credenciales.log ha sido modificado |
2026-06-03 15:31:47: INFO     | '4c5e4868b3d22d487155e62a0573525736e5433d98ebedd1b42302e10f7823bf': GestorCredenciales inicializado correctamente |
2026-06-03 15:31:48: DEBUG    | '99bfd38680264b480c46c8f6abef48e0db8a4cfa6191dd4e045f0d9119b715e4': AUTENTICACION_EXITOSA |
2026-06-03 15:31:48: DEBUG    | '9114603424b9444d6fb1deae476f0a36c9c19d5ac125164005a5a0e0f0928cfe': AUTENTICACION_EXITOSA  |
2026-06-03 15:31:48: DEBUG    | '99bfd38680264b480c46c8f6abef48e0db8a4cfa6191dd4e045f0d9119b715e4': AUTENTICACION_EXITOSA |
2026-06-03 15:31:48: DEBUG    | '9114603424b9444d6fb1deae476f0a36c9c19d5ac125164005a5a0e0f0928cfe': AUTENTICACION_EXITOSA  |
2026-06-03 15:31:48: DEBUG    | '99bfd38680264b480c46c8f6abef48e0db8a4cfa6191dd4e045f0d9119b715e4': AUTENTICACION_EXITOSA |
2026-06-03 15:31:48: DEBUG    | '9114603424b9444d6fb1deae476f0a36c9c19d5ac125164005a5a0e0f0928cfe': AUTENTICACION_EXITOSA  |
2026-06-03 15:31:48: INFO     | '262677c44c45a42e8dd4448d8435108bf4db32b876e28ceb2249126f0b9381e6': CREDENCIAL_ANADIDA: Servicio=GitHub, Usuario=user1 |
2026-06-03 15:31:48: WARNING  | '232f7ab1274d453d8dc77980b828c47fd4598bbb1fe3376603b54a9e78344e46': LOG CORRUPTO: El archivo log_gestor_credenciales.log ha sido modificado |
2026-06-03 15:31:48: INFO     | '4c5e4868b3d22d487155e62a0573525736e5433d98ebedd1b42302e10f7823bf': GestorCredenciales inicializado correctamente |
2026-06-03 15:31:48: DEBUG    | '99bfd38680264b480c46c8f6abef48e0db8a4cfa6191dd4e045f0d9119b715e4': AUTENTICACION_EXITOSA |
2026-06-03 15:31:48: DEBUG    | '9114603424b9444d6fb1deae476f0a36c9c19d5ac125164005a5a0e0f0928cfe': AUTENTICACION_EXITOSA  |
2026-06-03 15:31:49: DEBUG    | '99bfd38680264b480c46c8f6abef48e0db8a4cfa6191dd4e045f0d9119b715e4': AUTENTICACION_EXITOSA |
2026-06-03 15:31:49: DEBUG    | '9114603424b9444d6fb1deae476f0a36c9c19d5ac125164005a5a0e0f0928cfe': AUTENTICACION_EXITOSA  |
2026-06-03 15:31:49: DEBUG    | '99bfd38680264b480c46c8f6abef48e0db8a4cfa6191dd4e045f0d9119b715e4': AUTENTICACION_EXITOSA |
2026-06-03 15:31:49: DEBUG    | '9114603424b9444d6fb1deae476f0a36c9c19d5ac125164005a5a0e0f0928cfe': AUTENTICACION_EXITOSA  |
2026-06-03 15:31:49: INFO     | '262677c44c45a42e8dd4448d8435108bf4db32b876e28ceb2249126f0b9381e6': CREDENCIAL_ANADIDA: Servicio=GitHub, Usuario=user1 |
2026-06-03 15:31:49: WARNING  | '232f7ab1274d453d8dc77980b828c47fd4598bbb1fe3376603b54a9e78344e46': LOG CORRUPTO: El archivo log_gestor_credenciales.log ha sido modificado |
2026-06-03 15:31:49: INFO     | '4c5e4868b3d22d487155e62a0573525736e5433d98ebedd1b42302e10f7823bf': GestorCredenciales inicializado correctamente |
2026-06-03 15:31:49: DEBUG    | '99bfd38680264b480c46c8f6abef48e0db8a4cfa6191dd4e045f0d9119b715e4': AUTENTICACION_EXITOSA |
2026-06-03 15:31:49: DEBUG    | '9114603424b9444d6fb1deae476f0a36c9c19d5ac125164005a5a0e0f0928cfe': AUTENTICACION_EXITOSA  |
2026-06-03 15:31:49: DEBUG    | '99bfd38680264b480c46c8f6abef48e0db8a4cfa6191dd4e045f0d9119b715e4': AUTENTICACION_EXITOSA |
2026-06-03 15:31:49: DEBUG    | '9114603424b9444d6fb1deae476f0a36c9c19d5ac125164005a5a0e0f0928cfe': AUTENTICACION_EXITOSA  |
2026-06-03 15:31:50: DEBUG    | '99bfd38680264b480c46c8f6abef48e0db8a4cfa6191dd4e045f0d9119b715e4': AUTENTICACION_EXITOSA |
2026-06-03 15:31:50: DEBUG    | '9114603424b9444d6fb1deae476f0a36c9c19d5ac125164005a5a0e0f0928cfe': AUTENTICACION_EXITOSA  |
2026-06-03 15:31:50: INFO     | '262677c44c45a42e8dd4448d8435108bf4db32b876e28ceb2249126f0b9381e6': CREDENCIAL_ANADIDA: Servicio=GitHub, Usuario=user1 |
2026-06-03 15:31:50: WARNING  | '232f7ab1274d453d8dc77980b828c47fd4598bbb1fe3376603b54a9e78344e46': LOG CORRUPTO: El archivo log_gestor_credenciales.log ha sido modificado |
2026-06-03 15:31:50: INFO     | '4c5e4868b3d22d487155e62a0573525736e5433d98ebedd1b42302e10f7823bf': GestorCredenciales inicializado correctamente |
2026-06-03 15:31:50: DEBUG    | '99bfd38680264b480c46c8f6abef48e0db8a4cfa6191dd4e045f0d9119b715e4': AUTENTICACION_EXITOSA |
2026-06-03 15:31:50: DEBUG    | '9114603424b9444d6fb1deae476f0a36c9c19d5ac125164005a5a0e0f0928cfe': AUTENTICACION_EXITOSA  |
2026-06-03 15:31:50: DEBUG    | '99bfd38680264b480c46c8f6abef48e0db8a4cfa6191dd4e045f0d9119b715e4': AUTENTICACION_EXITOSA |
2026-06-03 15:31:50: DEBUG    | '9114603424b9444d6fb1deae476f0a36c9c19d5ac125164005a5a0e0f0928cfe': AUTENTICACION_EXITOSA  |
2026-06-03 15:31:50: DEBUG    | '99bfd38680264b480c46c8f6abef48e0db8a4cfa6191dd4e045f0d9119b715e4': AUTENTICACION_EXITOSA |
2026-06-03 15:31:50: DEBUG    | '9114603424b9444d6fb1deae476f0a36c9c19d5ac125164005a5a0e0f0928cfe': AUTENTICACION_EXITOSA  |
2026-06-03 15:31:51: INFO     | '262677c44c45a42e8dd4448d8435108bf4db32b876e28ceb2249126f0b9381e6': CREDENCIAL_ANADIDA: Servicio=GitHub, Usuario=user1 |
2026-06-03 15:31:51: WARNING  | '232f7ab1274d453d8dc77980b828c47fd4598bbb1fe3376603b54a9e78344e46': LOG CORRUPTO: El archivo log_gestor_credenciales.log ha sido modificado |
2026-06-03 15:31:51: INFO     | '4c5e4868b3d22d487155e62a0573525736e5433d98ebedd1b42302e10f7823bf': GestorCredenciales inicializado correctamente |
2026-06-03 15:31:51: DEBUG    | '99bfd38680264b480c46c8f6abef48e0db8a4cfa6191dd4e045f0d9119b715e4': AUTENTICACION_EXITOSA |
2026-06-03 15:31:51: DEBUG    | '9114603424b9444d6fb1deae476f0a36c9c19d5ac125164005a5a0e0f0928cfe': AUTENTICACION_EXITOSA  |
2026-06-03 15:31:51: DEBUG    | '99bfd38680264b480c46c8f6abef48e0db8a4cfa6191dd4e045f0d9119b715e4': AUTENTICACION_EXITOSA |
2026-06-03 15:31:51: DEBUG    | '9114603424b9444d6fb1deae476f0a36c9c19d5ac125164005a5a0e0f0928cfe': AUTENTICACION_EXITOSA  |
2026-06-03 15:31:51: DEBUG    | '99bfd38680264b480c46c8f6abef48e0db8a4cfa6191dd4e045f0d9119b715e4': AUTENTICACION_EXITOSA |
2026-06-03 15:31:51: DEBUG    | '9114603424b9444d6fb1deae476f0a36c9c19d5ac125164005a5a0e0f0928cfe': AUTENTICACION_EXITOSA  |
2026-06-03 15:31:52: INFO     | '262677c44c45a42e8dd4448d8435108bf4db32b876e28ceb2249126f0b9381e6': CREDENCIAL_ANADIDA: Servicio=GitHub, Usuario=user1 |
2026-06-03 15:31:52: DEBUG    | '99bfd38680264b480c46c8f6abef48e0db8a4cfa6191dd4e045f0d9119b715e4': AUTENTICACION_EXITOSA |
2026-06-03 15:31:52: DEBUG    | '9114603424b9444d6fb1deae476f0a36c9c19d5ac125164005a5a0e0f0928cfe': AUTENTICACION_EXITOSA  |
2026-06-03 15:31:52: DEBUG    | '99bfd38680264b480c46c8f6abef48e0db8a4cfa6191dd4e045f0d9119b715e4': AUTENTICACION_EXITOSA |
2026-06-03 15:31:52: DEBUG    | '9114603424b9444d6fb1deae476f0a36c9c19d5ac125164005a5a0e0f0928cfe': AUTENTICACION_EXITOSA  |
2026-06-03 15:31:52: DEBUG    | '99bfd38680264b480c46c8f6abef48e0db8a4cfa6191dd4e045f0d9119b715e4': AUTENTICACION_EXITOSA |
2026-06-03 15:31:52: DEBUG    | '9114603424b9444d6fb1deae476f0a36c9c19d5ac125164005a5a0e0f0928cfe': AUTENTICACION_EXITOSA  |
2026-06-03 15:31:52: WARNING  | '62235fe0f8b7c690391a86ae017a48661f851449ae9d5894e2f306abede5dfd2': LOG CORRUPTO: El archivo log_gestor_credenciales.log ha sido modificado |
2026-06-03 15:31:52: INFO     | '4c5e4868b3d22d487155e62a0573525736e5433d98ebedd1b42302e10f7823bf': GestorCredenciales inicializado correctamente |
2026-06-03 15:31:52: WARNING  | 'c487203c0e72664882a67dc59dfeefd77d5ecdd1573512d452806ade94aa2978': LOG CORRUPTO: El archivo log_gestor_credenciales.log ha sido modificado |
2026-06-03 15:31:52: INFO     | '4c5e4868b3d22d487155e62a0573525736e5433d98ebedd1b42302e10f7823bf': GestorCredenciales inicializado correctamente |
2026-06-03 15:31:53: DEBUG    | '99bfd38680264b480c46c8f6abef48e0db8a4cfa6191dd4e045f0d9119b715e4': AUTENTICACION_EXITOSA |
2026-06-03 15:31:53: DEBUG    | '9114603424b9444d6fb1deae476f0a36c9c19d5ac125164005a5a0e0f0928cfe': AUTENTICACION_EXITOSA  |
2026-06-03 15:31:53: DEBUG    | '99bfd38680264b480c46c8f6abef48e0db8a4cfa6191dd4e045f0d9119b715e4': AUTENTICACION_EXITOSA |
2026-06-03 15:31:53: DEBUG    | '9114603424b9444d6fb1deae476f0a36c9c19d5ac125164005a5a0e0f0928cfe': AUTENTICACION_EXITOSA  |
2026-06-03 15:31:53: DEBUG    | '99bfd38680264b480c46c8f6abef48e0db8a4cfa6191dd4e045f0d9119b715e4': AUTENTICACION_EXITOSA |
2026-06-03 15:31:53: DEBUG    | '9114603424b9444d6fb1deae476f0a36c9c19d5ac125164005a5a0e0f0928cfe': AUTENTICACION_EXITOSA  |
2026-06-03 15:31:53: INFO     | '262677c44c45a42e8dd4448d8435108bf4db32b876e28ceb2249126f0b9381e6': CREDENCIAL_ANADIDA: Servicio=GitHub, Usuario=user1 |
2026-06-03 15:31:53: DEBUG    | '99bfd38680264b480c46c8f6abef48e0db8a4cfa6191dd4e045f0d9119b715e4': AUTENTICACION_EXITOSA |
2026-06-03 15:31:53: DEBUG    | '9114603424b9444d6fb1deae476f0a36c9c19d5ac125164005a5a0e0f0928cfe': AUTENTICACION_EXITOSA  |
2026-06-03 15:31:53: WARNING  | '62235fe0f8b7c690391a86ae017a48661f851449ae9d5894e2f306abede5dfd2': LOG CORRUPTO: El archivo log_gestor_credenciales.log ha sido modificado |
2026-06-03 15:31:54: INFO     | '4c5e4868b3d22d487155e62a0573525736e5433d98ebedd1b42302e10f7823bf': GestorCredenciales inicializado correctamente |
2026-06-03 15:31:54: WARNING  | 'c487203c0e72664882a67dc59dfeefd77d5ecdd1573512d452806ade94aa2978': LOG CORRUPTO: El archivo log_gestor_credenciales.log ha sido modificado |
2026-06-03 15:31:54: INFO     | '4c5e4868b3d22d487155e62a0573525736e5433d98ebedd1b42302e10f7823bf': GestorCredenciales inicializado correctamente |
2026-06-03 15:31:54: DEBUG    | '99bfd38680264b480c46c8f6abef48e0db8a4cfa6191dd4e045f0d9119b715e4': AUTENTICACION_EXITOSA |
2026-06-03 15:31:54: DEBUG    | '9114603424b9444d6fb1deae476f0a36c9c19d5ac125164005a5a0e0f0928cfe': AUTENTICACION_EXITOSA  |
2026-06-03 15:31:54: DEBUG    | '99bfd38680264b480c46c8f6abef48e0db8a4cfa6191dd4e045f0d9119b715e4': AUTENTICACION_EXITOSA |
2026-06-03 15:31:54: DEBUG    | '9114603424b9444d6fb1deae476f0a36c9c19d5ac125164005a5a0e0f0928cfe': AUTENTICACION_EXITOSA  |
2026-06-03 15:31:54: DEBUG    | '99bfd38680264b480c46c8f6abef48e0db8a4cfa6191dd4e045f0d9119b715e4': AUTENTICACION_EXITOSA |
2026-06-03 15:31:54: DEBUG    | '9114603424b9444d6fb1deae476f0a36c9c19d5ac125164005a5a0e0f0928cfe': AUTENTICACION_EXITOSA  |
2026-06-03 15:31:54: INFO     | '262677c44c45a42e8dd4448d8435108bf4db32b876e28ceb2249126f0b9381e6': CREDENCIAL_ANADIDA: Servicio=GitHub, Usuario=user1 |
2026-06-03 15:31:55: DEBUG    | '99bfd38680264b480c46c8f6abef48e0db8a4cfa6191dd4e045f0d9119b715e4': AUTENTICACION_EXITOSA |
2026-06-03 15:31:55: DEBUG    | '9114603424b9444d6fb1deae476f0a36c9c19d5ac125164005a5a0e0f0928cfe': AUTENTICACION_EXITOSA  |
2026-06-03 15:31:55: DEBUG    | '99bfd38680264b480c46c8f6abef48e0db8a4cfa6191dd4e045f0d9119b715e4': AUTENTICACION_EXITOSA |
2026-06-03 15:31:55: DEBUG    | '9114603424b9444d6fb1deae476f0a36c9c19d5ac125164005a5a0e0f0928cfe': AUTENTICACION_EXITOSA  |
2026-06-03 15:31:55: DEBUG    | '99bfd38680264b480c46c8f6abef48e0db8a4cfa6191dd4e045f0d9119b715e4': AUTENTICACION_EXITOSA |
2026-06-03 15:31:55: DEBUG    | '9114603424b9444d6fb1deae476f0a36c9c19d5ac125164005a5a0e0f0928cfe': AUTENTICACION_EXITOSA  |
2026-06-03 15:31:55: INFO     | '2b6a32f9eb42e5a08f1d540bdfc0eb267bc76426e4e3b2dab38f48b21226fc80': CREDENCIAL_ANADIDA: Servicio=Eduroam, Usuario=user2 |
2026-06-03 15:31:55: DEBUG    | '99bfd38680264b480c46c8f6abef48e0db8a4cfa6191dd4e045f0d9119b715e4': AUTENTICACION_EXITOSA |
2026-06-03 15:31:55: DEBUG    | '9114603424b9444d6fb1deae476f0a36c9c19d5ac125164005a5a0e0f0928cfe': AUTENTICACION_EXITOSA  |
2026-06-03 15:31:55: DEBUG    | '99bfd38680264b480c46c8f6abef48e0db8a4cfa6191dd4e045f0d9119b715e4': AUTENTICACION_EXITOSA |
2026-06-03 15:31:55: DEBUG    | '9114603424b9444d6fb1deae476f0a36c9c19d5ac125164005a5a0e0f0928cfe': AUTENTICACION_EXITOSA  |
2026-06-03 15:31:56: INFO     | 'e4551b83bae25796b72616a81b5f5e6fc272609553171f986072e1c3d3e53c48': CREDENCIAL_ANADIDA: Servicio=GitHub, Usuario=user3 |
2026-06-03 15:31:56: DEBUG    | '99bfd38680264b480c46c8f6abef48e0db8a4cfa6191dd4e045f0d9119b715e4': AUTENTICACION_EXITOSA |
2026-06-03 15:31:56: DEBUG    | '9114603424b9444d6fb1deae476f0a36c9c19d5ac125164005a5a0e0f0928cfe': AUTENTICACION_EXITOSA  |
2026-06-03 15:31:56: WARNING  | '62235fe0f8b7c690391a86ae017a48661f851449ae9d5894e2f306abede5dfd2': LOG CORRUPTO: El archivo log_gestor_credenciales.log ha sido modificado |
2026-06-03 15:31:56: INFO     | '4c5e4868b3d22d487155e62a0573525736e5433d98ebedd1b42302e10f7823bf': GestorCredenciales inicializado correctamente |
2026-06-03 15:31:56: DEBUG    | '99bfd38680264b480c46c8f6abef48e0db8a4cfa6191dd4e045f0d9119b715e4': AUTENTICACION_EXITOSA |
2026-06-03 15:31:56: DEBUG    | '9114603424b9444d6fb1deae476f0a36c9c19d5ac125164005a5a0e0f0928cfe': AUTENTICACION_EXITOSA  |
2026-06-03 15:31:56: DEBUG    | '99bfd38680264b480c46c8f6abef48e0db8a4cfa6191dd4e045f0d9119b715e4': AUTENTICACION_EXITOSA |
2026-06-03 15:31:56: DEBUG    | '9114603424b9444d6fb1deae476f0a36c9c19d5ac125164005a5a0e0f0928cfe': AUTENTICACION_EXITOSA  |
2026-06-03 15:31:56: DEBUG    | '99bfd38680264b480c46c8f6abef48e0db8a4cfa6191dd4e045f0d9119b715e4': AUTENTICACION_EXITOSA |
2026-06-03 15:31:56: DEBUG    | '9114603424b9444d6fb1deae476f0a36c9c19d5ac125164005a5a0e0f0928cfe': AUTENTICACION_EXITOSA  |
2026-06-03 15:31:57: INFO     | '262677c44c45a42e8dd4448d8435108bf4db32b876e28ceb2249126f0b9381e6': CREDENCIAL_ANADIDA: Servicio=GitHub, Usuario=user1 |
2026-06-03 15:31:57: DEBUG    | '99bfd38680264b480c46c8f6abef48e0db8a4cfa6191dd4e045f0d9119b715e4': AUTENTICACION_EXITOSA |
2026-06-03 15:31:57: DEBUG    | '9114603424b9444d6fb1deae476f0a36c9c19d5ac125164005a5a0e0f0928cfe': AUTENTICACION_EXITOSA  |
2026-06-03 15:31:57: DEBUG    | '99bfd38680264b480c46c8f6abef48e0db8a4cfa6191dd4e045f0d9119b715e4': AUTENTICACION_EXITOSA |
2026-06-03 15:31:57: DEBUG    | '9114603424b9444d6fb1deae476f0a36c9c19d5ac125164005a5a0e0f0928cfe': AUTENTICACION_EXITOSA  |
2026-06-03 15:31:57: DEBUG    | '99bfd38680264b480c46c8f6abef48e0db8a4cfa6191dd4e045f0d9119b715e4': AUTENTICACION_EXITOSA |
2026-06-03 15:31:57: DEBUG    | '9114603424b9444d6fb1deae476f0a36c9c19d5ac125164005a5a0e0f0928cfe': AUTENTICACION_EXITOSA  |
2026-06-03 15:31:57: INFO     | '2b6a32f9eb42e5a08f1d540bdfc0eb267bc76426e4e3b2dab38f48b21226fc80': CREDENCIAL_ANADIDA: Servicio=Eduroam, Usuario=user2 |
2026-06-03 15:31:57: DEBUG    | '99bfd38680264b480c46c8f6abef48e0db8a4cfa6191dd4e045f0d9119b715e4': AUTENTICACION_EXITOSA |
2026-06-03 15:31:57: DEBUG    | '9114603424b9444d6fb1deae476f0a36c9c19d5ac125164005a5a0e0f0928cfe': AUTENTICACION_EXITOSA  |
2026-06-03 15:31:58: DEBUG    | '99bfd38680264b480c46c8f6abef48e0db8a4cfa6191dd4e045f0d9119b715e4': AUTENTICACION_EXITOSA |
2026-06-03 15:31:58: DEBUG    | '9114603424b9444d6fb1deae476f0a36c9c19d5ac125164005a5a0e0f0928cfe': AUTENTICACION_EXITOSA  |
2026-06-03 15:31:58: INFO     | 'e4551b83bae25796b72616a81b5f5e6fc272609553171f986072e1c3d3e53c48': CREDENCIAL_ANADIDA: Servicio=GitHub, Usuario=user3 |
2026-06-03 15:31:58: DEBUG    | '99bfd38680264b480c46c8f6abef48e0db8a4cfa6191dd4e045f0d9119b715e4': AUTENTICACION_EXITOSA |
2026-06-03 15:31:58: DEBUG    | '9114603424b9444d6fb1deae476f0a36c9c19d5ac125164005a5a0e0f0928cfe': AUTENTICACION_EXITOSA  |
2026-06-03 15:31:58: DEBUG    | '99bfd38680264b480c46c8f6abef48e0db8a4cfa6191dd4e045f0d9119b715e4': AUTENTICACION_EXITOSA |
2026-06-03 15:31:58: DEBUG    | '9114603424b9444d6fb1deae476f0a36c9c19d5ac125164005a5a0e0f0928cfe': AUTENTICACION_EXITOSA  |
2026-06-03 15:31:58: DEBUG    | '99bfd38680264b480c46c8f6abef48e0db8a4cfa6191dd4e045f0d9119b715e4': AUTENTICACION_EXITOSA |
2026-06-03 15:31:58: DEBUG    | '9114603424b9444d6fb1deae476f0a36c9c19d5ac125164005a5a0e0f0928cfe': AUTENTICACION_EXITOSA  |
2026-06-03 15:31:58: DEBUG    | '99bfd38680264b480c46c8f6abef48e0db8a4cfa6191dd4e045f0d9119b715e4': AUTENTICACION_EXITOSA |
2026-06-03 15:31:58: DEBUG    | '9114603424b9444d6fb1deae476f0a36c9c19d5ac125164005a5a0e0f0928cfe': AUTENTICACION_EXITOSA  |
2026-06-03 15:31:59: DEBUG    | '99bfd38680264b480c46c8f6abef48e0db8a4cfa6191dd4e045f0d9119b715e4': AUTENTICACION_EXITOSA |
2026-06-03 15:31:59: DEBUG    | '9114603424b9444d6fb1deae476f0a36c9c19d5ac125164005a5a0e0f0928cfe': AUTENTICACION_EXITOSA  |
2026-06-03 15:31:59: DEBUG    | '99bfd38680264b480c46c8f6abef48e0db8a4cfa6191dd4e045f0d9119b715e4': AUTENTICACION_EXITOSA |
2026-06-03 15:31:59: DEBUG    | '9114603424b9444d6fb1deae476f0a36c9c19d5ac125164005a5a0e0f0928cfe': AUTENTICACION_EXITOSA  |
2026-06-03 15:31:59: DEBUG    | '99bfd38680264b480c46c8f6abef48e0db8a4cfa6191dd4e045f0d9119b715e4': AUTENTICACION_EXITOSA |
2026-06-03 15:31:59: DEBUG    | '9114603424b9444d6fb1deae476f0a36c9c19d5ac125164005a5a0e0f0928cfe': AUTENTICACION_EXITOSA  |
2026-06-03 15:31:59: WARNING  | '62235fe0f8b7c690391a86ae017a48661f851449ae9d5894e2f306abede5dfd2': LOG CORRUPTO: El archivo log_gestor_credenciales.log ha sido modificado |
2026-06-03 15:31:59: INFO     | '4c5e4868b3d22d487155e62a0573525736e5433d98ebedd1b42302e10f7823bf': GestorCredenciales inicializado correctamente |
2026-06-03 15:31:59: WARNING  | 'c487203c0e72664882a67dc59dfeefd77d5ecdd1573512d452806ade94aa2978': LOG CORRUPTO: El archivo log_gestor_credenciales.log ha sido modificado |
2026-06-03 15:31:59: INFO     | '4c5e4868b3d22d487155e62a0573525736e5433d98ebedd1b42302e10f7823bf': GestorCredenciales inicializado correctamente |
2026-06-03 15:32:00: DEBUG    | '99bfd38680264b480c46c8f6abef48e0db8a4cfa6191dd4e045f0d9119b715e4': AUTENTICACION_EXITOSA |
2026-06-03 15:32:00: DEBUG    | '9114603424b9444d6fb1deae476f0a36c9c19d5ac125164005a5a0e0f0928cfe': AUTENTICACION_EXITOSA  |
2026-06-03 15:32:00: DEBUG    | '99bfd38680264b480c46c8f6abef48e0db8a4cfa6191dd4e045f0d9119b715e4': AUTENTICACION_EXITOSA |
2026-06-03 15:32:00: DEBUG    | '9114603424b9444d6fb1deae476f0a36c9c19d5ac125164005a5a0e0f0928cfe': AUTENTICACION_EXITOSA  |
2026-06-03 15:32:00: DEBUG    | '99bfd38680264b480c46c8f6abef48e0db8a4cfa6191dd4e045f0d9119b715e4': AUTENTICACION_EXITOSA |
2026-06-03 15:32:00: DEBUG    | '9114603424b9444d6fb1deae476f0a36c9c19d5ac125164005a5a0e0f0928cfe': AUTENTICACION_EXITOSA  |
2026-06-03 15:32:00: INFO     | '262677c44c45a42e8dd4448d8435108bf4db32b876e28ceb2249126f0b9381e6': CREDENCIAL_ANADIDA: Servicio=GitHub, Usuario=user1 |
2026-06-03 15:32:00: DEBUG    | '99bfd38680264b480c46c8f6abef48e0db8a4cfa6191dd4e045f0d9119b715e4': AUTENTICACION_EXITOSA |
2026-06-03 15:32:00: DEBUG    | '9114603424b9444d6fb1deae476f0a36c9c19d5ac125164005a5a0e0f0928cfe': AUTENTICACION_EXITOSA  |
2026-06-03 15:32:00: DEBUG    | '99bfd38680264b480c46c8f6abef48e0db8a4cfa6191dd4e045f0d9119b715e4': AUTENTICACION_EXITOSA |
2026-06-03 15:32:00: DEBUG    | '9114603424b9444d6fb1deae476f0a36c9c19d5ac125164005a5a0e0f0928cfe': AUTENTICACION_EXITOSA  |
2026-06-03 15:32:01: DEBUG    | '99bfd38680264b480c46c8f6abef48e0db8a4cfa6191dd4e045f0d9119b715e4': AUTENTICACION_EXITOSA |
2026-06-03 15:32:01: DEBUG    | '9114603424b9444d6fb1deae476f0a36c9c19d5ac125164005a5a0e0f0928cfe': AUTENTICACION_EXITOSA  |
2026-06-03 15:32:01: INFO     | '2b6a32f9eb42e5a08f1d540bdfc0eb267bc76426e4e3b2dab38f48b21226fc80': CREDENCIAL_ANADIDA: Servicio=Eduroam, Usuario=user2 |
2026-06-03 15:32:01: DEBUG    | '99bfd38680264b480c46c8f6abef48e0db8a4cfa6191dd4e045f0d9119b715e4': AUTENTICACION_EXITOSA |
2026-06-03 15:32:01: DEBUG    | '9114603424b9444d6fb1deae476f0a36c9c19d5ac125164005a5a0e0f0928cfe': AUTENTICACION_EXITOSA  |
2026-06-03 15:32:01: DEBUG    | '99bfd38680264b480c46c8f6abef48e0db8a4cfa6191dd4e045f0d9119b715e4': AUTENTICACION_EXITOSA |
2026-06-03 15:32:01: DEBUG    | '9114603424b9444d6fb1deae476f0a36c9c19d5ac125164005a5a0e0f0928cfe': AUTENTICACION_EXITOSA  |
2026-06-03 15:32:01: INFO     | 'e4551b83bae25796b72616a81b5f5e6fc272609553171f986072e1c3d3e53c48': CREDENCIAL_ANADIDA: Servicio=GitHub, Usuario=user3 |
2026-06-03 15:32:01: DEBUG    | '99bfd38680264b480c46c8f6abef48e0db8a4cfa6191dd4e045f0d9119b715e4': AUTENTICACION_EXITOSA |
2026-06-03 15:32:01: DEBUG    | '9114603424b9444d6fb1deae476f0a36c9c19d5ac125164005a5a0e0f0928cfe': AUTENTICACION_EXITOSA  |
2026-06-03 15:32:02: DEBUG    | '99bfd38680264b480c46c8f6abef48e0db8a4cfa6191dd4e045f0d9119b715e4': AUTENTICACION_EXITOSA |
2026-06-03 15:32:02: DEBUG    | '9114603424b9444d6fb1deae476f0a36c9c19d5ac125164005a5a0e0f0928cfe': AUTENTICACION_EXITOSA  |
2026-06-03 15:32:02: DEBUG    | '99bfd38680264b480c46c8f6abef48e0db8a4cfa6191dd4e045f0d9119b715e4': AUTENTICACION_EXITOSA |
2026-06-03 15:32:02: DEBUG    | '9114603424b9444d6fb1deae476f0a36c9c19d5ac125164005a5a0e0f0928cfe': AUTENTICACION_EXITOSA  |
2026-06-03 15:32:02: WARNING  | '62235fe0f8b7c690391a86ae017a48661f851449ae9d5894e2f306abede5dfd2': LOG CORRUPTO: El archivo log_gestor_credenciales.log ha sido modificado |
2026-06-03 15:32:02: INFO     | '4c5e4868b3d22d487155e62a0573525736e5433d98ebedd1b42302e10f7823bf': GestorCredenciales inicializado correctamente |
2026-06-03 15:32:02: DEBUG    | '99bfd38680264b480c46c8f6abef48e0db8a4cfa6191dd4e045f0d9119b715e4': AUTENTICACION_EXITOSA |
2026-06-03 15:32:02: DEBUG    | '9114603424b9444d6fb1deae476f0a36c9c19d5ac125164005a5a0e0f0928cfe': AUTENTICACION_EXITOSA  |
2026-06-03 15:32:02: WARNING  | '62235fe0f8b7c690391a86ae017a48661f851449ae9d5894e2f306abede5dfd2': LOG CORRUPTO: El archivo log_gestor_credenciales.log ha sido modificado |
2026-06-03 15:32:02: INFO     | '4c5e4868b3d22d487155e62a0573525736e5433d98ebedd1b42302e10f7823bf': GestorCredenciales inicializado correctamente |
2026-06-03 15:32:03: DEBUG    | '99bfd38680264b480c46c8f6abef48e0db8a4cfa6191dd4e045f0d9119b715e4': AUTENTICACION_EXITOSA |
2026-06-03 15:32:03: DEBUG    | '9114603424b9444d6fb1deae476f0a36c9c19d5ac125164005a5a0e0f0928cfe': AUTENTICACION_EXITOSA  |
2026-06-03 15:32:03: DEBUG    | '99bfd38680264b480c46c8f6abef48e0db8a4cfa6191dd4e045f0d9119b715e4': AUTENTICACION_EXITOSA |
2026-06-03 15:32:03: DEBUG    | '9114603424b9444d6fb1deae476f0a36c9c19d5ac125164005a5a0e0f0928cfe': AUTENTICACION_EXITOSA  |
2026-06-03 15:32:03: DEBUG    | '99bfd38680264b480c46c8f6abef48e0db8a4cfa6191dd4e045f0d9119b715e4': AUTENTICACION_EXITOSA |
2026-06-03 15:32:03: DEBUG    | '9114603424b9444d6fb1deae476f0a36c9c19d5ac125164005a5a0e0f0928cfe': AUTENTICACION_EXITOSA  |
2026-06-03 15:32:03: INFO     | 'd778079ec1cb2c198b5a254b9e0fa0d4fdcd2754a485465d0eca2eff5aff36e6': CREDENCIAL_ANADIDA: Servicio=GitHub, Usuario=usuario1 |
2026-06-03 15:32:03: DEBUG    | '99bfd38680264b480c46c8f6abef48e0db8a4cfa6191dd4e045f0d9119b715e4': AUTENTICACION_EXITOSA |
2026-06-03 15:32:03: DEBUG    | '9114603424b9444d6fb1deae476f0a36c9c19d5ac125164005a5a0e0f0928cfe': AUTENTICACION_EXITOSA  |
2026-06-03 15:32:03: DEBUG    | '99bfd38680264b480c46c8f6abef48e0db8a4cfa6191dd4e045f0d9119b715e4': AUTENTICACION_EXITOSA |
2026-06-03 15:32:03: DEBUG    | '9114603424b9444d6fb1deae476f0a36c9c19d5ac125164005a5a0e0f0928cfe': AUTENTICACION_EXITOSA  |
2026-06-03 15:32:04: DEBUG    | '99bfd38680264b480c46c8f6abef48e0db8a4cfa6191dd4e045f0d9119b715e4': AUTENTICACION_EXITOSA |
2026-06-03 15:32:04: DEBUG    | '9114603424b9444d6fb1deae476f0a36c9c19d5ac125164005a5a0e0f0928cfe': AUTENTICACION_EXITOSA  |
2026-06-03 15:32:04: INFO     | 'a22a8a904d226ac16ac25419d9a0704f9dfef0e35df486be17891ed7e8d0a1ca': CREDENCIAL_ANADIDA: Servicio=Eduroam, Usuario=usuario2 |
2026-06-03 15:32:04: DEBUG    | '99bfd38680264b480c46c8f6abef48e0db8a4cfa6191dd4e045f0d9119b715e4': AUTENTICACION_EXITOSA |
2026-06-03 15:32:04: DEBUG    | '9114603424b9444d6fb1deae476f0a36c9c19d5ac125164005a5a0e0f0928cfe': AUTENTICACION_EXITOSA  |
2026-06-03 15:32:04: DEBUG    | '99bfd38680264b480c46c8f6abef48e0db8a4cfa6191dd4e045f0d9119b715e4': AUTENTICACION_EXITOSA |
2026-06-03 15:32:04: DEBUG    | '9114603424b9444d6fb1deae476f0a36c9c19d5ac125164005a5a0e0f0928cfe': AUTENTICACION_EXITOSA  |
2026-06-03 15:32:04: INFO     | 'e660a890445806ac835ead55174f67358c7ea82afd6bea47fe5c69df0884eea0': CREDENCIAL_ANADIDA: Servicio=GitHub, Usuario=usuario3 |
2026-06-03 15:32:04: DEBUG    | '99bfd38680264b480c46c8f6abef48e0db8a4cfa6191dd4e045f0d9119b715e4': AUTENTICACION_EXITOSA |
2026-06-03 15:32:04: DEBUG    | '9114603424b9444d6fb1deae476f0a36c9c19d5ac125164005a5a0e0f0928cfe': AUTENTICACION_EXITOSA  |
2026-06-03 15:32:04: WARNING  | '62235fe0f8b7c690391a86ae017a48661f851449ae9d5894e2f306abede5dfd2': LOG CORRUPTO: El archivo log_gestor_credenciales.log ha sido modificado |
2026-06-03 15:32:05: INFO     | '4c5e4868b3d22d487155e62a0573525736e5433d98ebedd1b42302e10f7823bf': GestorCredenciales inicializado correctamente |
2026-06-03 15:32:05: DEBUG    | '99bfd38680264b480c46c8f6abef48e0db8a4cfa6191dd4e045f0d9119b715e4': AUTENTICACION_EXITOSA |
2026-06-03 15:32:05: DEBUG    | '9114603424b9444d6fb1deae476f0a36c9c19d5ac125164005a5a0e0f0928cfe': AUTENTICACION_EXITOSA  |
2026-06-03 15:32:05: DEBUG    | '99bfd38680264b480c46c8f6abef48e0db8a4cfa6191dd4e045f0d9119b715e4': AUTENTICACION_EXITOSA |
2026-06-03 15:32:05: DEBUG    | '9114603424b9444d6fb1deae476f0a36c9c19d5ac125164005a5a0e0f0928cfe': AUTENTICACION_EXITOSA  |
2026-06-03 15:32:05: DEBUG    | '99bfd38680264b480c46c8f6abef48e0db8a4cfa6191dd4e045f0d9119b715e4': AUTENTICACION_EXITOSA |
2026-06-03 15:32:05: DEBUG    | '9114603424b9444d6fb1deae476f0a36c9c19d5ac125164005a5a0e0f0928cfe': AUTENTICACION_EXITOSA  |
2026-06-03 15:32:05: INFO     | 'd778079ec1cb2c198b5a254b9e0fa0d4fdcd2754a485465d0eca2eff5aff36e6': CREDENCIAL_ANADIDA: Servicio=GitHub, Usuario=usuario1 |
2026-06-03 15:32:05: DEBUG    | '99bfd38680264b480c46c8f6abef48e0db8a4cfa6191dd4e045f0d9119b715e4': AUTENTICACION_EXITOSA |
2026-06-03 15:32:05: DEBUG    | '9114603424b9444d6fb1deae476f0a36c9c19d5ac125164005a5a0e0f0928cfe': AUTENTICACION_EXITOSA  |
2026-06-03 15:32:06: DEBUG    | '99bfd38680264b480c46c8f6abef48e0db8a4cfa6191dd4e045f0d9119b715e4': AUTENTICACION_EXITOSA |
2026-06-03 15:32:06: DEBUG    | '9114603424b9444d6fb1deae476f0a36c9c19d5ac125164005a5a0e0f0928cfe': AUTENTICACION_EXITOSA  |
2026-06-03 15:32:06: INFO     | 'e660a890445806ac835ead55174f67358c7ea82afd6bea47fe5c69df0884eea0': CREDENCIAL_ANADIDA: Servicio=GitHub, Usuario=usuario3 |
2026-06-03 15:32:06: DEBUG    | '99bfd38680264b480c46c8f6abef48e0db8a4cfa6191dd4e045f0d9119b715e4': AUTENTICACION_EXITOSA |
2026-06-03 15:32:06: DEBUG    | '9114603424b9444d6fb1deae476f0a36c9c19d5ac125164005a5a0e0f0928cfe': AUTENTICACION_EXITOSA  |
2026-06-03 15:32:06: DEBUG    | '99bfd38680264b480c46c8f6abef48e0db8a4cfa6191dd4e045f0d9119b715e4': AUTENTICACION_EXITOSA |
2026-06-03 15:32:06: DEBUG    | '9114603424b9444d6fb1deae476f0a36c9c19d5ac125164005a5a0e0f0928cfe': AUTENTICACION_EXITOSA  |
2026-06-03 15:32:06: DEBUG    | '99bfd38680264b480c46c8f6abef48e0db8a4cfa6191dd4e045f0d9119b715e4': AUTENTICACION_EXITOSA |
2026-06-03 15:32:06: DEBUG    | '9114603424b9444d6fb1deae476f0a36c9c19d5ac125164005a5a0e0f0928cfe': AUTENTICACION_EXITOSA  |
2026-06-03 15:32:06: DEBUG    | '99bfd38680264b480c46c8f6abef48e0db8a4cfa6191dd4e045f0d9119b715e4': AUTENTICACION_EXITOSA |
2026-06-03 15:32:06: DEBUG    | '9114603424b9444d6fb1deae476f0a36c9c19d5ac125164005a5a0e0f0928cfe': AUTENTICACION_EXITOSA  |
2026-06-03 15:32:07: DEBUG    | '99bfd38680264b480c46c8f6abef48e0db8a4cfa6191dd4e045f0d9119b715e4': AUTENTICACION_EXITOSA |
2026-06-03 15:32:07: DEBUG    | '9114603424b9444d6fb1deae476f0a36c9c19d5ac125164005a5a0e0f0928cfe': AUTENTICACION_EXITOSA  |
2026-06-03 15:32:07: WARNING  | '62235fe0f8b7c690391a86ae017a48661f851449ae9d5894e2f306abede5dfd2': LOG CORRUPTO: El archivo log_gestor_credenciales.log ha sido modificado |
2026-06-03 15:32:07: INFO     | '4c5e4868b3d22d487155e62a0573525736e5433d98ebedd1b42302e10f7823bf': GestorCredenciales inicializado correctamente |
2026-06-03 15:32:07: DEBUG    | '99bfd38680264b480c46c8f6abef48e0db8a4cfa6191dd4e045f0d9119b715e4': AUTENTICACION_EXITOSA |
2026-06-03 15:32:07: DEBUG    | '9114603424b9444d6fb1deae476f0a36c9c19d5ac125164005a5a0e0f0928cfe': AUTENTICACION_EXITOSA  |
2026-06-03 15:32:07: DEBUG    | '99bfd38680264b480c46c8f6abef48e0db8a4cfa6191dd4e045f0d9119b715e4': AUTENTICACION_EXITOSA |
2026-06-03 15:32:07: DEBUG    | '9114603424b9444d6fb1deae476f0a36c9c19d5ac125164005a5a0e0f0928cfe': AUTENTICACION_EXITOSA  |
2026-06-03 15:32:07: DEBUG    | '99bfd38680264b480c46c8f6abef48e0db8a4cfa6191dd4e045f0d9119b715e4': AUTENTICACION_EXITOSA |
2026-06-03 15:32:07: DEBUG    | '9114603424b9444d6fb1deae476f0a36c9c19d5ac125164005a5a0e0f0928cfe': AUTENTICACION_EXITOSA  |
2026-06-03 15:32:07: INFO     | 'd778079ec1cb2c198b5a254b9e0fa0d4fdcd2754a485465d0eca2eff5aff36e6': CREDENCIAL_ANADIDA: Servicio=GitHub, Usuario=usuario1 |
2026-06-03 15:32:08: DEBUG    | '99bfd38680264b480c46c8f6abef48e0db8a4cfa6191dd4e045f0d9119b715e4': AUTENTICACION_EXITOSA |
2026-06-03 15:32:08: DEBUG    | '9114603424b9444d6fb1deae476f0a36c9c19d5ac125164005a5a0e0f0928cfe': AUTENTICACION_EXITOSA  |
2026-06-03 15:32:08: DEBUG    | '99bfd38680264b480c46c8f6abef48e0db8a4cfa6191dd4e045f0d9119b715e4': AUTENTICACION_EXITOSA |
2026-06-03 15:32:08: DEBUG    | '9114603424b9444d6fb1deae476f0a36c9c19d5ac125164005a5a0e0f0928cfe': AUTENTICACION_EXITOSA  |
2026-06-03 15:32:08: DEBUG    | '99bfd38680264b480c46c8f6abef48e0db8a4cfa6191dd4e045f0d9119b715e4': AUTENTICACION_EXITOSA |
2026-06-03 15:32:08: DEBUG    | '9114603424b9444d6fb1deae476f0a36c9c19d5ac125164005a5a0e0f0928cfe': AUTENTICACION_EXITOSA  |
2026-06-03 15:32:08: INFO     | 'a22a8a904d226ac16ac25419d9a0704f9dfef0e35df486be17891ed7e8d0a1ca': CREDENCIAL_ANADIDA: Servicio=Eduroam, Usuario=usuario2 |
2026-06-03 15:32:08: DEBUG    | '99bfd38680264b480c46c8f6abef48e0db8a4cfa6191dd4e045f0d9119b715e4': AUTENTICACION_EXITOSA |
2026-06-03 15:32:08: DEBUG    | '9114603424b9444d6fb1deae476f0a36c9c19d5ac125164005a5a0e0f0928cfe': AUTENTICACION_EXITOSA  |
2026-06-03 15:32:08: DEBUG    | '99bfd38680264b480c46c8f6abef48e0db8a4cfa6191dd4e045f0d9119b715e4': AUTENTICACION_EXITOSA |
2026-06-03 15:32:08: DEBUG    | '9114603424b9444d6fb1deae476f0a36c9c19d5ac125164005a5a0e0f0928cfe': AUTENTICACION_EXITOSA  |
2026-06-03 15:32:09: INFO     | 'e660a890445806ac835ead55174f67358c7ea82afd6bea47fe5c69df0884eea0': CREDENCIAL_ANADIDA: Servicio=GitHub, Usuario=usuario3 |
2026-06-03 15:32:09: DEBUG    | '99bfd38680264b480c46c8f6abef48e0db8a4cfa6191dd4e045f0d9119b715e4': AUTENTICACION_EXITOSA |
2026-06-03 15:32:09: DEBUG    | '9114603424b9444d6fb1deae476f0a36c9c19d5ac125164005a5a0e0f0928cfe': AUTENTICACION_EXITOSA  |
2026-06-03 15:32:09: DEBUG    | '99bfd38680264b480c46c8f6abef48e0db8a4cfa6191dd4e045f0d9119b715e4': AUTENTICACION_EXITOSA |
2026-06-03 15:32:09: DEBUG    | '9114603424b9444d6fb1deae476f0a36c9c19d5ac125164005a5a0e0f0928cfe': AUTENTICACION_EXITOSA  |
2026-06-03 15:32:09: DEBUG    | '99bfd38680264b480c46c8f6abef48e0db8a4cfa6191dd4e045f0d9119b715e4': AUTENTICACION_EXITOSA |
2026-06-03 15:32:09: DEBUG    | '9114603424b9444d6fb1deae476f0a36c9c19d5ac125164005a5a0e0f0928cfe': AUTENTICACION_EXITOSA  |
2026-06-03 15:32:09: WARNING  | '62235fe0f8b7c690391a86ae017a48661f851449ae9d5894e2f306abede5dfd2': LOG CORRUPTO: El archivo log_gestor_credenciales.log ha sido modificado |
2026-06-03 15:32:09: INFO     | '4c5e4868b3d22d487155e62a0573525736e5433d98ebedd1b42302e10f7823bf': GestorCredenciales inicializado correctamente |
2026-06-03 15:32:09: WARNING  | 'c487203c0e72664882a67dc59dfeefd77d5ecdd1573512d452806ade94aa2978': LOG CORRUPTO: El archivo log_gestor_credenciales.log ha sido modificado |
2026-06-03 15:32:10: INFO     | '4c5e4868b3d22d487155e62a0573525736e5433d98ebedd1b42302e10f7823bf': GestorCredenciales inicializado correctamente |
2026-06-03 15:32:10: DEBUG    | '99bfd38680264b480c46c8f6abef48e0db8a4cfa6191dd4e045f0d9119b715e4': AUTENTICACION_EXITOSA |
2026-06-03 15:32:10: DEBUG    | '9114603424b9444d6fb1deae476f0a36c9c19d5ac125164005a5a0e0f0928cfe': AUTENTICACION_EXITOSA  |
2026-06-03 15:32:10: WARNING  | '62235fe0f8b7c690391a86ae017a48661f851449ae9d5894e2f306abede5dfd2': LOG CORRUPTO: El archivo log_gestor_credenciales.log ha sido modificado |
2026-06-03 15:32:10: INFO     | '4c5e4868b3d22d487155e62a0573525736e5433d98ebedd1b42302e10f7823bf': GestorCredenciales inicializado correctamente |
2026-06-03 15:32:10: DEBUG    | '99bfd38680264b480c46c8f6abef48e0db8a4cfa6191dd4e045f0d9119b715e4': AUTENTICACION_EXITOSA |
2026-06-03 15:32:10: DEBUG    | '9114603424b9444d6fb1deae476f0a36c9c19d5ac125164005a5a0e0f0928cfe': AUTENTICACION_EXITOSA  |
2026-06-03 15:32:10: DEBUG    | '99bfd38680264b480c46c8f6abef48e0db8a4cfa6191dd4e045f0d9119b715e4': AUTENTICACION_EXITOSA |
2026-06-03 15:32:10: DEBUG    | '9114603424b9444d6fb1deae476f0a36c9c19d5ac125164005a5a0e0f0928cfe': AUTENTICACION_EXITOSA  |
2026-06-03 15:32:10: DEBUG    | '99bfd38680264b480c46c8f6abef48e0db8a4cfa6191dd4e045f0d9119b715e4': AUTENTICACION_EXITOSA |
2026-06-03 15:32:10: DEBUG    | '9114603424b9444d6fb1deae476f0a36c9c19d5ac125164005a5a0e0f0928cfe': AUTENTICACION_EXITOSA  |
2026-06-03 15:32:11: INFO     | '286b6b15958173bece46a06f9e923b1cc9e9b82030474abb02f749cafe05b986': CREDENCIAL_ANADIDA: Servicio=Github, Usuario=usuario1 |
2026-06-03 15:32:11: DEBUG    | '99bfd38680264b480c46c8f6abef48e0db8a4cfa6191dd4e045f0d9119b715e4': AUTENTICACION_EXITOSA |
2026-06-03 15:32:11: DEBUG    | '9114603424b9444d6fb1deae476f0a36c9c19d5ac125164005a5a0e0f0928cfe': AUTENTICACION_EXITOSA  |
2026-06-03 15:32:11: WARNING  | '62235fe0f8b7c690391a86ae017a48661f851449ae9d5894e2f306abede5dfd2': LOG CORRUPTO: El archivo log_gestor_credenciales.log ha sido modificado |
2026-06-03 15:32:11: INFO     | '4c5e4868b3d22d487155e62a0573525736e5433d98ebedd1b42302e10f7823bf': GestorCredenciales inicializado correctamente |
2026-06-03 15:32:11: DEBUG    | '99bfd38680264b480c46c8f6abef48e0db8a4cfa6191dd4e045f0d9119b715e4': AUTENTICACION_EXITOSA |
2026-06-03 15:32:11: DEBUG    | '9114603424b9444d6fb1deae476f0a36c9c19d5ac125164005a5a0e0f0928cfe': AUTENTICACION_EXITOSA  |
2026-06-03 15:32:11: DEBUG    | '99bfd38680264b480c46c8f6abef48e0db8a4cfa6191dd4e045f0d9119b715e4': AUTENTICACION_EXITOSA |
2026-06-03 15:32:11: DEBUG    | '9114603424b9444d6fb1deae476f0a36c9c19d5ac125164005a5a0e0f0928cfe': AUTENTICACION_EXITOSA  |
2026-06-03 15:32:12: DEBUG    | '99bfd38680264b480c46c8f6abef48e0db8a4cfa6191dd4e045f0d9119b715e4': AUTENTICACION_EXITOSA |
2026-06-03 15:32:12: DEBUG    | '9114603424b9444d6fb1deae476f0a36c9c19d5ac125164005a5a0e0f0928cfe': AUTENTICACION_EXITOSA  |
2026-06-03 15:32:12: INFO     | '286b6b15958173bece46a06f9e923b1cc9e9b82030474abb02f749cafe05b986': CREDENCIAL_ANADIDA: Servicio=Github, Usuario=usuario1 |
2026-06-03 15:32:12: DEBUG    | '99bfd38680264b480c46c8f6abef48e0db8a4cfa6191dd4e045f0d9119b715e4': AUTENTICACION_EXITOSA |
2026-06-03 15:32:12: DEBUG    | '9114603424b9444d6fb1deae476f0a36c9c19d5ac125164005a5a0e0f0928cfe': AUTENTICACION_EXITOSA  |
2026-06-03 15:32:12: WARNING  | '62235fe0f8b7c690391a86ae017a48661f851449ae9d5894e2f306abede5dfd2': LOG CORRUPTO: El archivo log_gestor_credenciales.log ha sido modificado |
2026-06-03 15:32:12: INFO     | '4c5e4868b3d22d487155e62a0573525736e5433d98ebedd1b42302e10f7823bf': GestorCredenciales inicializado correctamente |
2026-06-03 15:32:12: DEBUG    | '99bfd38680264b480c46c8f6abef48e0db8a4cfa6191dd4e045f0d9119b715e4': AUTENTICACION_EXITOSA |
2026-06-03 15:32:12: DEBUG    | '9114603424b9444d6fb1deae476f0a36c9c19d5ac125164005a5a0e0f0928cfe': AUTENTICACION_EXITOSA  |
2026-06-03 15:32:12: DEBUG    | '99bfd38680264b480c46c8f6abef48e0db8a4cfa6191dd4e045f0d9119b715e4': AUTENTICACION_EXITOSA |
2026-06-03 15:32:12: DEBUG    | '9114603424b9444d6fb1deae476f0a36c9c19d5ac125164005a5a0e0f0928cfe': AUTENTICACION_EXITOSA  |
2026-06-03 15:32:13: DEBUG    | '99bfd38680264b480c46c8f6abef48e0db8a4cfa6191dd4e045f0d9119b715e4': AUTENTICACION_EXITOSA |
2026-06-03 15:32:13: DEBUG    | '9114603424b9444d6fb1deae476f0a36c9c19d5ac125164005a5a0e0f0928cfe': AUTENTICACION_EXITOSA  |
2026-06-03 15:32:13: INFO     | '286b6b15958173bece46a06f9e923b1cc9e9b82030474abb02f749cafe05b986': CREDENCIAL_ANADIDA: Servicio=Github, Usuario=usuario1 |
2026-06-03 15:32:13: DEBUG    | '99bfd38680264b480c46c8f6abef48e0db8a4cfa6191dd4e045f0d9119b715e4': AUTENTICACION_EXITOSA |
2026-06-03 15:32:13: DEBUG    | '9114603424b9444d6fb1deae476f0a36c9c19d5ac125164005a5a0e0f0928cfe': AUTENTICACION_EXITOSA  |
2026-06-03 15:32:13: WARNING  | '62235fe0f8b7c690391a86ae017a48661f851449ae9d5894e2f306abede5dfd2': LOG CORRUPTO: El archivo log_gestor_credenciales.log ha sido modificado |
2026-06-03 15:32:13: INFO     | '4c5e4868b3d22d487155e62a0573525736e5433d98ebedd1b42302e10f7823bf': GestorCredenciales inicializado correctamente |
2026-06-03 15:32:13: DEBUG    | '99bfd38680264b480c46c8f6abef48e0db8a4cfa6191dd4e045f0d9119b715e4': AUTENTICACION_EXITOSA |
2026-06-03 15:32:13: DEBUG    | '9114603424b9444d6fb1deae476f0a36c9c19d5ac125164005a5a0e0f0928cfe': AUTENTICACION_EXITOSA  |
2026-06-03 15:32:13: DEBUG    | '99bfd38680264b480c46c8f6abef48e0db8a4cfa6191dd4e045f0d9119b715e4': AUTENTICACION_EXITOSA |
2026-06-03 15:32:13: DEBUG    | '9114603424b9444d6fb1deae476f0a36c9c19d5ac125164005a5a0e0f0928cfe': AUTENTICACION_EXITOSA  |
2026-06-03 15:32:14: DEBUG    | '99bfd38680264b480c46c8f6abef48e0db8a4cfa6191dd4e045f0d9119b715e4': AUTENTICACION_EXITOSA |
2026-06-03 15:32:14: DEBUG    | '9114603424b9444d6fb1deae476f0a36c9c19d5ac125164005a5a0e0f0928cfe': AUTENTICACION_EXITOSA  |
2026-06-03 15:32:14: INFO     | '286b6b15958173bece46a06f9e923b1cc9e9b82030474abb02f749cafe05b986': CREDENCIAL_ANADIDA: Servicio=Github, Usuario=usuario1 |
2026-06-03 15:32:14: WARNING  | '125b443358578775beb7b3c7cea2f793c2b22bae3d2d1b39033abe454ee2b9b1': LOG CORRUPTO: El archivo log_gestor_credenciales.log ha sido modificado |
2026-06-03 15:32:14: INFO     | '4c5e4868b3d22d487155e62a0573525736e5433d98ebedd1b42302e10f7823bf': GestorCredenciales inicializado correctamente |
2026-06-03 15:32:14: DEBUG    | '99bfd38680264b480c46c8f6abef48e0db8a4cfa6191dd4e045f0d9119b715e4': AUTENTICACION_EXITOSA |
2026-06-03 15:32:14: DEBUG    | '9114603424b9444d6fb1deae476f0a36c9c19d5ac125164005a5a0e0f0928cfe': AUTENTICACION_EXITOSA  |
2026-06-03 15:32:14: DEBUG    | '99bfd38680264b480c46c8f6abef48e0db8a4cfa6191dd4e045f0d9119b715e4': AUTENTICACION_EXITOSA |
2026-06-03 15:32:14: DEBUG    | '9114603424b9444d6fb1deae476f0a36c9c19d5ac125164005a5a0e0f0928cfe': AUTENTICACION_EXITOSA  |
2026-06-03 15:32:14: DEBUG    | '99bfd38680264b480c46c8f6abef48e0db8a4cfa6191dd4e045f0d9119b715e4': AUTENTICACION_EXITOSA |
2026-06-03 15:32:14: DEBUG    | '9114603424b9444d6fb1deae476f0a36c9c19d5ac125164005a5a0e0f0928cfe': AUTENTICACION_EXITOSA  |
2026-06-03 15:32:15: INFO     | '286b6b15958173bece46a06f9e923b1cc9e9b82030474abb02f749cafe05b986': CREDENCIAL_ANADIDA: Servicio=Github, Usuario=usuario1 |
2026-06-03 15:32:15: WARNING  | '125b443358578775beb7b3c7cea2f793c2b22bae3d2d1b39033abe454ee2b9b1': LOG CORRUPTO: El archivo log_gestor_credenciales.log ha sido modificado |
2026-06-03 15:32:15: INFO     | '4c5e4868b3d22d487155e62a0573525736e5433d98ebedd1b42302e10f7823bf': GestorCredenciales inicializado correctamente |
2026-06-03 15:32:15: DEBUG    | '99bfd38680264b480c46c8f6abef48e0db8a4cfa6191dd4e045f0d9119b715e4': AUTENTICACION_EXITOSA |
2026-06-03 15:32:15: DEBUG    | '9114603424b9444d6fb1deae476f0a36c9c19d5ac125164005a5a0e0f0928cfe': AUTENTICACION_EXITOSA  |
2026-06-03 15:32:15: DEBUG    | '99bfd38680264b480c46c8f6abef48e0db8a4cfa6191dd4e045f0d9119b715e4': AUTENTICACION_EXITOSA |
2026-06-03 15:32:15: DEBUG    | '9114603424b9444d6fb1deae476f0a36c9c19d5ac125164005a5a0e0f0928cfe': AUTENTICACION_EXITOSA  |
2026-06-03 15:32:15: DEBUG    | '99bfd38680264b480c46c8f6abef48e0db8a4cfa6191dd4e045f0d9119b715e4': AUTENTICACION_EXITOSA |
2026-06-03 15:32:15: DEBUG    | '9114603424b9444d6fb1deae476f0a36c9c19d5ac125164005a5a0e0f0928cfe': AUTENTICACION_EXITOSA  |
2026-06-03 15:32:15: INFO     | 'ef12c19d3f891611ed7d172073b63b6bbbaa471b869958dd7c7819cb9e84fd30': CREDENCIAL_ANADIDA: Servicio=Github, Usuario=user1 |
2026-06-03 15:32:15: WARNING  | 'fc3470e45c601bcc5fb4b38c228a4a81e77515c1427b7beb3247100b1d35fe2d': LOG CORRUPTO: El archivo log_gestor_credenciales.log ha sido modificado |
2026-06-03 15:32:16: INFO     | '4c5e4868b3d22d487155e62a0573525736e5433d98ebedd1b42302e10f7823bf': GestorCredenciales inicializado correctamente |
2026-06-03 15:32:16: DEBUG    | '99bfd38680264b480c46c8f6abef48e0db8a4cfa6191dd4e045f0d9119b715e4': AUTENTICACION_EXITOSA |
2026-06-03 15:32:16: DEBUG    | '9114603424b9444d6fb1deae476f0a36c9c19d5ac125164005a5a0e0f0928cfe': AUTENTICACION_EXITOSA  |
2026-06-03 15:32:16: DEBUG    | '99bfd38680264b480c46c8f6abef48e0db8a4cfa6191dd4e045f0d9119b715e4': AUTENTICACION_EXITOSA |
2026-06-03 15:32:16: DEBUG    | '9114603424b9444d6fb1deae476f0a36c9c19d5ac125164005a5a0e0f0928cfe': AUTENTICACION_EXITOSA  |
2026-06-03 15:32:16: DEBUG    | '99bfd38680264b480c46c8f6abef48e0db8a4cfa6191dd4e045f0d9119b715e4': AUTENTICACION_EXITOSA |
2026-06-03 15:32:16: DEBUG    | '9114603424b9444d6fb1deae476f0a36c9c19d5ac125164005a5a0e0f0928cfe': AUTENTICACION_EXITOSA  |
2026-06-03 15:32:16: INFO     | 'ef12c19d3f891611ed7d172073b63b6bbbaa471b869958dd7c7819cb9e84fd30': CREDENCIAL_ANADIDA: Servicio=Github, Usuario=user1 |
2026-06-03 15:32:16: DEBUG    | '99bfd38680264b480c46c8f6abef48e0db8a4cfa6191dd4e045f0d9119b715e4': AUTENTICACION_EXITOSA |
2026-06-03 15:32:16: DEBUG    | '9114603424b9444d6fb1deae476f0a36c9c19d5ac125164005a5a0e0f0928cfe': AUTENTICACION_EXITOSA  |
2026-06-03 15:32:17: DEBUG    | '99bfd38680264b480c46c8f6abef48e0db8a4cfa6191dd4e045f0d9119b715e4': AUTENTICACION_EXITOSA |
2026-06-03 15:32:17: DEBUG    | '9114603424b9444d6fb1deae476f0a36c9c19d5ac125164005a5a0e0f0928cfe': AUTENTICACION_EXITOSA  |
2026-06-03 15:32:17: DEBUG    | '99bfd38680264b480c46c8f6abef48e0db8a4cfa6191dd4e045f0d9119b715e4': AUTENTICACION_EXITOSA |
2026-06-03 15:32:17: DEBUG    | '9114603424b9444d6fb1deae476f0a36c9c19d5ac125164005a5a0e0f0928cfe': AUTENTICACION_EXITOSA  |
2026-06-03 15:32:17: DEBUG    | '99bfd38680264b480c46c8f6abef48e0db8a4cfa6191dd4e045f0d9119b715e4': AUTENTICACION_EXITOSA |
2026-06-03 15:32:17: DEBUG    | '9114603424b9444d6fb1deae476f0a36c9c19d5ac125164005a5a0e0f0928cfe': AUTENTICACION_EXITOSA  |
2026-06-03 15:32:17: DEBUG    | '99bfd38680264b480c46c8f6abef48e0db8a4cfa6191dd4e045f0d9119b715e4': AUTENTICACION_EXITOSA |
2026-06-03 15:32:17: DEBUG    | '9114603424b9444d6fb1deae476f0a36c9c19d5ac125164005a5a0e0f0928cfe': AUTENTICACION_EXITOSA  |
2026-06-03 15:32:17: DEBUG    | '99bfd38680264b480c46c8f6abef48e0db8a4cfa6191dd4e045f0d9119b715e4': AUTENTICACION_EXITOSA |
2026-06-03 15:32:17: DEBUG    | '9114603424b9444d6fb1deae476f0a36c9c19d5ac125164005a5a0e0f0928cfe': AUTENTICACION_EXITOSA  |
2026-06-03 15:32:17: DEBUG    | '99bfd38680264b480c46c8f6abef48e0db8a4cfa6191dd4e045f0d9119b715e4': AUTENTICACION_EXITOSA |
2026-06-03 15:32:17: DEBUG    | '9114603424b9444d6fb1deae476f0a36c9c19d5ac125164005a5a0e0f0928cfe': AUTENTICACION_EXITOSA  |
2026-06-03 15:32:17: WARNING  | '62235fe0f8b7c690391a86ae017a48661f851449ae9d5894e2f306abede5dfd2': LOG CORRUPTO: El archivo log_gestor_credenciales.log ha sido modificado |
2026-06-03 15:32:18: INFO     | '4c5e4868b3d22d487155e62a0573525736e5433d98ebedd1b42302e10f7823bf': GestorCredenciales inicializado correctamente |
2026-06-03 15:32:18: INFO     | 'bed25204d04bacf9b3fb82b07394ee8fc60a7e5a7a84d21ff86209d867bc8a0e': ana login -> permitido |
2026-06-03 15:32:18: DEBUG    | '99bfd38680264b480c46c8f6abef48e0db8a4cfa6191dd4e045f0d9119b715e4': AUTENTICACION_EXITOSA |
2026-06-03 15:32:18: DEBUG    | '9114603424b9444d6fb1deae476f0a36c9c19d5ac125164005a5a0e0f0928cfe': AUTENTICACION_EXITOSA  |
2026-06-03 15:32:18: DEBUG    | '99bfd38680264b480c46c8f6abef48e0db8a4cfa6191dd4e045f0d9119b715e4': AUTENTICACION_EXITOSA |
2026-06-03 15:32:18: DEBUG    | '9114603424b9444d6fb1deae476f0a36c9c19d5ac125164005a5a0e0f0928cfe': AUTENTICACION_EXITOSA  |
2026-06-03 15:32:18: DEBUG    | '99bfd38680264b480c46c8f6abef48e0db8a4cfa6191dd4e045f0d9119b715e4': AUTENTICACION_EXITOSA |
2026-06-03 15:32:18: DEBUG    | '9114603424b9444d6fb1deae476f0a36c9c19d5ac125164005a5a0e0f0928cfe': AUTENTICACION_EXITOSA  |
2026-06-03 15:32:18: INFO     | '262677c44c45a42e8dd4448d8435108bf4db32b876e28ceb2249126f0b9381e6': CREDENCIAL_ANADIDA: Servicio=GitHub, Usuario=user1 |
2026-06-03 15:32:18: INFO     | 'b21783fd32d42bab2ec0990ae1248eb3de721cc374365abf868825fa4941035e': ana : anadir_credencial --> permitido |
2026-06-03 15:32:18: DEBUG    | '99bfd38680264b480c46c8f6abef48e0db8a4cfa6191dd4e045f0d9119b715e4': AUTENTICACION_EXITOSA |
2026-06-03 15:32:18: DEBUG    | '9114603424b9444d6fb1deae476f0a36c9c19d5ac125164005a5a0e0f0928cfe': AUTENTICACION_EXITOSA  |
2026-06-03 15:32:19: DEBUG    | '99bfd38680264b480c46c8f6abef48e0db8a4cfa6191dd4e045f0d9119b715e4': AUTENTICACION_EXITOSA |
2026-06-03 15:32:19: DEBUG    | '9114603424b9444d6fb1deae476f0a36c9c19d5ac125164005a5a0e0f0928cfe': AUTENTICACION_EXITOSA  |
2026-06-03 15:32:19: INFO     | '65987849f4d10fe53fa0cb65c4c293be401845dae5e16a88792a461616840931': ana : eliminar_credencial --> permitido |
2026-06-03 15:32:19: WARNING  | 'e0897e8144f2e22c6a21140acf30b885fcd889ce45460ff5f7566132ae152b1d': LOG CORRUPTO: El archivo log_gestor_credenciales.log ha sido modificado |
2026-06-03 15:32:19: INFO     | '4c5e4868b3d22d487155e62a0573525736e5433d98ebedd1b42302e10f7823bf': GestorCredenciales inicializado correctamente |
2026-06-03 15:32:19: INFO     | 'bed25204d04bacf9b3fb82b07394ee8fc60a7e5a7a84d21ff86209d867bc8a0e': ana login -> permitido |
2026-06-03 15:32:19: INFO     | 'cabe1cf19c2352dd5dcefb8d470717e5a5c258d854df4ce6e082a822c532145c': luis login -> permitido |
2026-06-03 15:32:19: INFO     | 'fde4ffe14b2b6af639ea56f438176375ec63992e086f7fd1f7f8c96a7bbf0b9b': luis : anadir_credencial --> denegado |
2026-06-03 15:32:19: WARNING  | 'd6ff197d79ff7cec07c162fa2f4497b6e0f0cf8af0dcd68fcdaa005a00b5ff9d': LOG CORRUPTO: El archivo log_gestor_credenciales.log ha sido modificado |
2026-06-03 15:32:19: INFO     | '4c5e4868b3d22d487155e62a0573525736e5433d98ebedd1b42302e10f7823bf': GestorCredenciales inicializado correctamente |
2026-06-03 15:32:19: INFO     | 'bed25204d04bacf9b3fb82b07394ee8fc60a7e5a7a84d21ff86209d867bc8a0e': ana login -> permitido |
2026-06-03 15:32:19: INFO     | 'b2e9bff3087cc09f9a312e48495805f60ae92f9bbc1bf2869d2969f0474a4b25': eva login -> permitido |
2026-06-03 15:32:19: DEBUG    | '99bfd38680264b480c46c8f6abef48e0db8a4cfa6191dd4e045f0d9119b715e4': AUTENTICACION_EXITOSA |
2026-06-03 15:32:19: DEBUG    | '9114603424b9444d6fb1deae476f0a36c9c19d5ac125164005a5a0e0f0928cfe': AUTENTICACION_EXITOSA  |
2026-06-03 15:32:19: DEBUG    | '99bfd38680264b480c46c8f6abef48e0db8a4cfa6191dd4e045f0d9119b715e4': AUTENTICACION_EXITOSA |
2026-06-03 15:32:19: DEBUG    | '9114603424b9444d6fb1deae476f0a36c9c19d5ac125164005a5a0e0f0928cfe': AUTENTICACION_EXITOSA  |
2026-06-03 15:32:19: DEBUG    | '99bfd38680264b480c46c8f6abef48e0db8a4cfa6191dd4e045f0d9119b715e4': AUTENTICACION_EXITOSA |
2026-06-03 15:32:19: DEBUG    | '9114603424b9444d6fb1deae476f0a36c9c19d5ac125164005a5a0e0f0928cfe': AUTENTICACION_EXITOSA  |
2026-06-03 15:32:20: INFO     | '262677c44c45a42e8dd4448d8435108bf4db32b876e28ceb2249126f0b9381e6': CREDENCIAL_ANADIDA: Servicio=GitHub, Usuario=user1 |
2026-06-03 15:32:20: INFO     | 'b21783fd32d42bab2ec0990ae1248eb3de721cc374365abf868825fa4941035e': ana : anadir_credencial --> permitido |
2026-06-03 15:32:20: INFO     | 'fe5b352a7e865af4fb8d5da20a0ff3b60f34316c57a04ce5f933f6d997f57b3d': eva : eliminar_credencial --> denegado |
2026-06-03 15:32:20: WARNING  | '7df0857f9de58d69e7c81a99921efd04a69ef690e55f8ba1e38ce9f49110e371': LOG CORRUPTO: El archivo log_gestor_credenciales.log ha sido modificado |
2026-06-03 15:32:20: INFO     | '4c5e4868b3d22d487155e62a0573525736e5433d98ebedd1b42302e10f7823bf': GestorCredenciales inicializado correctamente |
2026-06-03 15:32:20: INFO     | 'cabe1cf19c2352dd5dcefb8d470717e5a5c258d854df4ce6e082a822c532145c': luis login -> permitido |
2026-06-03 15:32:20: INFO     | 'fde4ffe14b2b6af639ea56f438176375ec63992e086f7fd1f7f8c96a7bbf0b9b': luis : anadir_credencial --> denegado |
2026-06-03 15:32:20: WARNING  | 'd6ff197d79ff7cec07c162fa2f4497b6e0f0cf8af0dcd68fcdaa005a00b5ff9d': LOG CORRUPTO: El archivo log_gestor_credenciales.log ha sido modificado |
2026-06-03 15:32:20: INFO     | '4c5e4868b3d22d487155e62a0573525736e5433d98ebedd1b42302e10f7823bf': GestorCredenciales inicializado correctamente |
2026-06-03 15:32:20: DEBUG    | '99bfd38680264b480c46c8f6abef48e0db8a4cfa6191dd4e045f0d9119b715e4': AUTENTICACION_EXITOSA |
2026-06-03 15:32:20: DEBUG    | '9114603424b9444d6fb1deae476f0a36c9c19d5ac125164005a5a0e0f0928cfe': AUTENTICACION_EXITOSA  |
2026-06-03 15:32:20: DEBUG    | '99bfd38680264b480c46c8f6abef48e0db8a4cfa6191dd4e045f0d9119b715e4': AUTENTICACION_EXITOSA |
2026-06-03 15:32:20: DEBUG    | '9114603424b9444d6fb1deae476f0a36c9c19d5ac125164005a5a0e0f0928cfe': AUTENTICACION_EXITOSA  |
2026-06-03 15:32:20: DEBUG    | '99bfd38680264b480c46c8f6abef48e0db8a4cfa6191dd4e045f0d9119b715e4': AUTENTICACION_EXITOSA |
2026-06-03 15:32:20: DEBUG    | '9114603424b9444d6fb1deae476f0a36c9c19d5ac125164005a5a0e0f0928cfe': AUTENTICACION_EXITOSA  |
2026-06-03 15:32:21: INFO     | 'ef12c19d3f891611ed7d172073b63b6bbbaa471b869958dd7c7819cb9e84fd30': CREDENCIAL_ANADIDA: Servicio=Github, Usuario=user1 |
2026-06-03 15:32:21: DEBUG    | '99bfd38680264b480c46c8f6abef48e0db8a4cfa6191dd4e045f0d9119b715e4': AUTENTICACION_EXITOSA |
2026-06-03 15:32:21: DEBUG    | '9114603424b9444d6fb1deae476f0a36c9c19d5ac125164005a5a0e0f0928cfe': AUTENTICACION_EXITOSA  |
2026-06-03 15:32:21: DEBUG    | '99bfd38680264b480c46c8f6abef48e0db8a4cfa6191dd4e045f0d9119b715e4': AUTENTICACION_EXITOSA |
2026-06-03 15:32:21: DEBUG    | '9114603424b9444d6fb1deae476f0a36c9c19d5ac125164005a5a0e0f0928cfe': AUTENTICACION_EXITOSA  |
2026-06-03 15:32:21: DEBUG    | '99bfd38680264b480c46c8f6abef48e0db8a4cfa6191dd4e045f0d9119b715e4': AUTENTICACION_EXITOSA |
2026-06-03 15:32:21: DEBUG    | '9114603424b9444d6fb1deae476f0a36c9c19d5ac125164005a5a0e0f0928cfe': AUTENTICACION_EXITOSA  |
2026-06-03 15:32:22: DEBUG    | '99bfd38680264b480c46c8f6abef48e0db8a4cfa6191dd4e045f0d9119b715e4': AUTENTICACION_EXITOSA |
2026-06-03 15:32:22: DEBUG    | '9114603424b9444d6fb1deae476f0a36c9c19d5ac125164005a5a0e0f0928cfe': AUTENTICACION_EXITOSA  |
2026-06-03 15:32:22: WARNING  | '62235fe0f8b7c690391a86ae017a48661f851449ae9d5894e2f306abede5dfd2': LOG CORRUPTO: El archivo log_gestor_credenciales.log ha sido modificado |
2026-06-03 15:32:22: INFO     | '4c5e4868b3d22d487155e62a0573525736e5433d98ebedd1b42302e10f7823bf': GestorCredenciales inicializado correctamente |
2026-06-03 15:32:22: DEBUG    | '99bfd38680264b480c46c8f6abef48e0db8a4cfa6191dd4e045f0d9119b715e4': AUTENTICACION_EXITOSA |
2026-06-03 15:32:22: DEBUG    | '9114603424b9444d6fb1deae476f0a36c9c19d5ac125164005a5a0e0f0928cfe': AUTENTICACION_EXITOSA  |
2026-06-03 15:32:22: DEBUG    | '99bfd38680264b480c46c8f6abef48e0db8a4cfa6191dd4e045f0d9119b715e4': AUTENTICACION_EXITOSA |
2026-06-03 15:32:22: DEBUG    | '9114603424b9444d6fb1deae476f0a36c9c19d5ac125164005a5a0e0f0928cfe': AUTENTICACION_EXITOSA  |
2026-06-03 15:32:23: DEBUG    | '99bfd38680264b480c46c8f6abef48e0db8a4cfa6191dd4e045f0d9119b715e4': AUTENTICACION_EXITOSA |
2026-06-03 15:32:23: DEBUG    | '9114603424b9444d6fb1deae476f0a36c9c19d5ac125164005a5a0e0f0928cfe': AUTENTICACION_EXITOSA  |
2026-06-03 15:32:23: INFO     | 'ef12c19d3f891611ed7d172073b63b6bbbaa471b869958dd7c7819cb9e84fd30': CREDENCIAL_ANADIDA: Servicio=Github, Usuario=user1 |
2026-06-03 15:32:23: DEBUG    | '99bfd38680264b480c46c8f6abef48e0db8a4cfa6191dd4e045f0d9119b715e4': AUTENTICACION_EXITOSA |
2026-06-03 15:32:23: DEBUG    | '9114603424b9444d6fb1deae476f0a36c9c19d5ac125164005a5a0e0f0928cfe': AUTENTICACION_EXITOSA  |
2026-06-03 15:32:23: WARNING  | '62235fe0f8b7c690391a86ae017a48661f851449ae9d5894e2f306abede5dfd2': LOG CORRUPTO: El archivo log_gestor_credenciales.log ha sido modificado |
2026-06-03 15:32:23: INFO     | '4c5e4868b3d22d487155e62a0573525736e5433d98ebedd1b42302e10f7823bf': GestorCredenciales inicializado correctamente |
2026-06-03 15:32:23: DEBUG    | '99bfd38680264b480c46c8f6abef48e0db8a4cfa6191dd4e045f0d9119b715e4': AUTENTICACION_EXITOSA |
2026-06-03 15:32:23: DEBUG    | '9114603424b9444d6fb1deae476f0a36c9c19d5ac125164005a5a0e0f0928cfe': AUTENTICACION_EXITOSA  |
2026-06-03 15:32:23: DEBUG    | '99bfd38680264b480c46c8f6abef48e0db8a4cfa6191dd4e045f0d9119b715e4': AUTENTICACION_EXITOSA |
2026-06-03 15:32:23: DEBUG    | '9114603424b9444d6fb1deae476f0a36c9c19d5ac125164005a5a0e0f0928cfe': AUTENTICACION_EXITOSA  |
2026-06-03 15:32:24: DEBUG    | '99bfd38680264b480c46c8f6abef48e0db8a4cfa6191dd4e045f0d9119b715e4': AUTENTICACION_EXITOSA |
2026-06-03 15:32:24: DEBUG    | '9114603424b9444d6fb1deae476f0a36c9c19d5ac125164005a5a0e0f0928cfe': AUTENTICACION_EXITOSA  |
2026-06-03 15:32:24: INFO     | 'ef12c19d3f891611ed7d172073b63b6bbbaa471b869958dd7c7819cb9e84fd30': CREDENCIAL_ANADIDA: Servicio=Github, Usuario=user1 |
2026-06-03 15:32:24: DEBUG    | '99bfd38680264b480c46c8f6abef48e0db8a4cfa6191dd4e045f0d9119b715e4': AUTENTICACION_EXITOSA |
2026-06-03 15:32:24: DEBUG    | '9114603424b9444d6fb1deae476f0a36c9c19d5ac125164005a5a0e0f0928cfe': AUTENTICACION_EXITOSA  |
2026-06-03 15:32:24: DEBUG    | '99bfd38680264b480c46c8f6abef48e0db8a4cfa6191dd4e045f0d9119b715e4': AUTENTICACION_EXITOSA |
2026-06-03 15:32:24: DEBUG    | '9114603424b9444d6fb1deae476f0a36c9c19d5ac125164005a5a0e0f0928cfe': AUTENTICACION_EXITOSA  |
2026-06-03 15:32:25: DEBUG    | '99bfd38680264b480c46c8f6abef48e0db8a4cfa6191dd4e045f0d9119b715e4': AUTENTICACION_EXITOSA |
2026-06-03 15:32:25: DEBUG    | '9114603424b9444d6fb1deae476f0a36c9c19d5ac125164005a5a0e0f0928cfe': AUTENTICACION_EXITOSA  |
2026-06-03 15:32:25: WARNING  | '62235fe0f8b7c690391a86ae017a48661f851449ae9d5894e2f306abede5dfd2': LOG CORRUPTO: El archivo log_gestor_credenciales.log ha sido modificado |
2026-06-03 15:32:25: INFO     | '4c5e4868b3d22d487155e62a0573525736e5433d98ebedd1b42302e10f7823bf': GestorCredenciales inicializado correctamente |
2026-06-03 15:32:25: DEBUG    | '99bfd38680264b480c46c8f6abef48e0db8a4cfa6191dd4e045f0d9119b715e4': AUTENTICACION_EXITOSA |
2026-06-03 15:32:25: DEBUG    | '9114603424b9444d6fb1deae476f0a36c9c19d5ac125164005a5a0e0f0928cfe': AUTENTICACION_EXITOSA  |
2026-06-03 15:32:25: DEBUG    | '99bfd38680264b480c46c8f6abef48e0db8a4cfa6191dd4e045f0d9119b715e4': AUTENTICACION_EXITOSA |
2026-06-03 15:32:25: DEBUG    | '9114603424b9444d6fb1deae476f0a36c9c19d5ac125164005a5a0e0f0928cfe': AUTENTICACION_EXITOSA  |
2026-06-03 15:32:25: DEBUG    | '99bfd38680264b480c46c8f6abef48e0db8a4cfa6191dd4e045f0d9119b715e4': AUTENTICACION_EXITOSA |
2026-06-03 15:32:25: DEBUG    | '9114603424b9444d6fb1deae476f0a36c9c19d5ac125164005a5a0e0f0928cfe': AUTENTICACION_EXITOSA  |
2026-06-03 15:32:25: INFO     | 'ef12c19d3f891611ed7d172073b63b6bbbaa471b869958dd7c7819cb9e84fd30': CREDENCIAL_ANADIDA: Servicio=Github, Usuario=user1 |
2026-06-03 15:32:26: DEBUG    | '99bfd38680264b480c46c8f6abef48e0db8a4cfa6191dd4e045f0d9119b715e4': AUTENTICACION_EXITOSA |
2026-06-03 15:32:26: DEBUG    | '9114603424b9444d6fb1deae476f0a36c9c19d5ac125164005a5a0e0f0928cfe': AUTENTICACION_EXITOSA  |
2026-06-03 15:32:26: DEBUG    | '99bfd38680264b480c46c8f6abef48e0db8a4cfa6191dd4e045f0d9119b715e4': AUTENTICACION_EXITOSA |
2026-06-03 15:32:26: DEBUG    | '9114603424b9444d6fb1deae476f0a36c9c19d5ac125164005a5a0e0f0928cfe': AUTENTICACION_EXITOSA  |
2026-06-03 15:32:26: DEBUG    | '99bfd38680264b480c46c8f6abef48e0db8a4cfa6191dd4e045f0d9119b715e4': AUTENTICACION_EXITOSA |
2026-06-03 15:32:26: DEBUG    | '9114603424b9444d6fb1deae476f0a36c9c19d5ac125164005a5a0e0f0928cfe': AUTENTICACION_EXITOSA  |
2026-06-03 15:32:26: WARNING  | '62235fe0f8b7c690391a86ae017a48661f851449ae9d5894e2f306abede5dfd2': LOG CORRUPTO: El archivo log_gestor_credenciales.log ha sido modificado |
2026-06-03 15:32:26: INFO     | '4c5e4868b3d22d487155e62a0573525736e5433d98ebedd1b42302e10f7823bf': GestorCredenciales inicializado correctamente |
2026-06-03 15:32:27: DEBUG    | '99bfd38680264b480c46c8f6abef48e0db8a4cfa6191dd4e045f0d9119b715e4': AUTENTICACION_EXITOSA |
2026-06-03 15:32:27: DEBUG    | '9114603424b9444d6fb1deae476f0a36c9c19d5ac125164005a5a0e0f0928cfe': AUTENTICACION_EXITOSA  |
2026-06-03 15:32:27: DEBUG    | '99bfd38680264b480c46c8f6abef48e0db8a4cfa6191dd4e045f0d9119b715e4': AUTENTICACION_EXITOSA |
2026-06-03 15:32:27: DEBUG    | '9114603424b9444d6fb1deae476f0a36c9c19d5ac125164005a5a0e0f0928cfe': AUTENTICACION_EXITOSA  |
2026-06-03 15:32:27: DEBUG    | '99bfd38680264b480c46c8f6abef48e0db8a4cfa6191dd4e045f0d9119b715e4': AUTENTICACION_EXITOSA |
2026-06-03 15:32:27: DEBUG    | '9114603424b9444d6fb1deae476f0a36c9c19d5ac125164005a5a0e0f0928cfe': AUTENTICACION_EXITOSA  |
2026-06-03 15:32:27: INFO     | 'ef12c19d3f891611ed7d172073b63b6bbbaa471b869958dd7c7819cb9e84fd30': CREDENCIAL_ANADIDA: Servicio=Github, Usuario=user1 |
2026-06-03 15:32:27: DEBUG    | '99bfd38680264b480c46c8f6abef48e0db8a4cfa6191dd4e045f0d9119b715e4': AUTENTICACION_EXITOSA |
2026-06-03 15:32:27: DEBUG    | '9114603424b9444d6fb1deae476f0a36c9c19d5ac125164005a5a0e0f0928cfe': AUTENTICACION_EXITOSA  |
2026-06-03 15:32:27: DEBUG    | '99bfd38680264b480c46c8f6abef48e0db8a4cfa6191dd4e045f0d9119b715e4': AUTENTICACION_EXITOSA |
2026-06-03 15:32:27: DEBUG    | '9114603424b9444d6fb1deae476f0a36c9c19d5ac125164005a5a0e0f0928cfe': AUTENTICACION_EXITOSA  |
2026-06-03 15:32:28: WARNING  | '62235fe0f8b7c690391a86ae017a48661f851449ae9d5894e2f306abede5dfd2': LOG CORRUPTO: El archivo log_gestor_credenciales.log ha sido modificado |
2026-06-03 15:32:28: INFO     | '4c5e4868b3d22d487155e62a0573525736e5433d98ebedd1b42302e10f7823bf': GestorCredenciales inicializado correctamente |
2026-06-03 15:32:28: DEBUG    | '99bfd38680264b480c46c8f6abef48e0db8a4cfa6191dd4e045f0d9119b715e4': AUTENTICACION_EXITOSA |
2026-06-03 15:32:28: DEBUG    | '9114603424b9444d6fb1deae476f0a36c9c19d5ac125164005a5a0e0f0928cfe': AUTENTICACION_EXITOSA  |
2026-06-03 15:32:28: DEBUG    | '99bfd38680264b480c46c8f6abef48e0db8a4cfa6191dd4e045f0d9119b715e4': AUTENTICACION_EXITOSA |
2026-06-03 15:32:28: DEBUG    | '9114603424b9444d6fb1deae476f0a36c9c19d5ac125164005a5a0e0f0928cfe': AUTENTICACION_EXITOSA  |
2026-06-03 15:32:29: DEBUG    | '99bfd38680264b480c46c8f6abef48e0db8a4cfa6191dd4e045f0d9119b715e4': AUTENTICACION_EXITOSA |
2026-06-03 15:32:29: DEBUG    | '9114603424b9444d6fb1deae476f0a36c9c19d5ac125164005a5a0e0f0928cfe': AUTENTICACION_EXITOSA  |
2026-06-03 15:32:29: INFO     | 'ef12c19d3f891611ed7d172073b63b6bbbaa471b869958dd7c7819cb9e84fd30': CREDENCIAL_ANADIDA: Servicio=Github, Usuario=user1 |
2026-06-03 15:32:29: DEBUG    | '99bfd38680264b480c46c8f6abef48e0db8a4cfa6191dd4e045f0d9119b715e4': AUTENTICACION_EXITOSA |
2026-06-03 15:32:29: DEBUG    | '9114603424b9444d6fb1deae476f0a36c9c19d5ac125164005a5a0e0f0928cfe': AUTENTICACION_EXITOSA  |
2026-06-03 15:32:29: DEBUG    | '99bfd38680264b480c46c8f6abef48e0db8a4cfa6191dd4e045f0d9119b715e4': AUTENTICACION_EXITOSA |
2026-06-03 15:32:29: DEBUG    | '9114603424b9444d6fb1deae476f0a36c9c19d5ac125164005a5a0e0f0928cfe': AUTENTICACION_EXITOSA  |
2026-06-03 15:32:29: WARNING  | '62235fe0f8b7c690391a86ae017a48661f851449ae9d5894e2f306abede5dfd2': LOG CORRUPTO: El archivo log_gestor_credenciales.log ha sido modificado |
2026-06-03 15:32:29: INFO     | '4c5e4868b3d22d487155e62a0573525736e5433d98ebedd1b42302e10f7823bf': GestorCredenciales inicializado correctamente |
2026-06-03 15:32:30: DEBUG    | '99bfd38680264b480c46c8f6abef48e0db8a4cfa6191dd4e045f0d9119b715e4': AUTENTICACION_EXITOSA |
2026-06-03 15:32:30: DEBUG    | '9114603424b9444d6fb1deae476f0a36c9c19d5ac125164005a5a0e0f0928cfe': AUTENTICACION_EXITOSA  |
2026-06-03 15:32:30: DEBUG    | '99bfd38680264b480c46c8f6abef48e0db8a4cfa6191dd4e045f0d9119b715e4': AUTENTICACION_EXITOSA |
2026-06-03 15:32:30: DEBUG    | '9114603424b9444d6fb1deae476f0a36c9c19d5ac125164005a5a0e0f0928cfe': AUTENTICACION_EXITOSA  |
2026-06-03 15:32:30: DEBUG    | '99bfd38680264b480c46c8f6abef48e0db8a4cfa6191dd4e045f0d9119b715e4': AUTENTICACION_EXITOSA |
2026-06-03 15:32:30: DEBUG    | '9114603424b9444d6fb1deae476f0a36c9c19d5ac125164005a5a0e0f0928cfe': AUTENTICACION_EXITOSA  |
2026-06-03 15:32:30: INFO     | 'ef12c19d3f891611ed7d172073b63b6bbbaa471b869958dd7c7819cb9e84fd30': CREDENCIAL_ANADIDA: Servicio=Github, Usuario=user1 |
2026-06-03 15:32:30: DEBUG    | '99bfd38680264b480c46c8f6abef48e0db8a4cfa6191dd4e045f0d9119b715e4': AUTENTICACION_EXITOSA |
2026-06-03 15:32:30: DEBUG    | '9114603424b9444d6fb1deae476f0a36c9c19d5ac125164005a5a0e0f0928cfe': AUTENTICACION_EXITOSA  |
2026-06-03 15:32:30: WARNING  | '62235fe0f8b7c690391a86ae017a48661f851449ae9d5894e2f306abede5dfd2': LOG CORRUPTO: El archivo log_gestor_credenciales.log ha sido modificado |
2026-06-03 15:32:30: INFO     | '4c5e4868b3d22d487155e62a0573525736e5433d98ebedd1b42302e10f7823bf': GestorCredenciales inicializado correctamente |
2026-06-03 15:32:31: DEBUG    | '99bfd38680264b480c46c8f6abef48e0db8a4cfa6191dd4e045f0d9119b715e4': AUTENTICACION_EXITOSA |
2026-06-03 15:32:31: DEBUG    | '9114603424b9444d6fb1deae476f0a36c9c19d5ac125164005a5a0e0f0928cfe': AUTENTICACION_EXITOSA  |
2026-06-03 15:32:31: DEBUG    | '99bfd38680264b480c46c8f6abef48e0db8a4cfa6191dd4e045f0d9119b715e4': AUTENTICACION_EXITOSA |
2026-06-03 15:32:31: DEBUG    | '9114603424b9444d6fb1deae476f0a36c9c19d5ac125164005a5a0e0f0928cfe': AUTENTICACION_EXITOSA  |
2026-06-03 15:32:31: DEBUG    | '99bfd38680264b480c46c8f6abef48e0db8a4cfa6191dd4e045f0d9119b715e4': AUTENTICACION_EXITOSA |
2026-06-03 15:32:31: DEBUG    | '9114603424b9444d6fb1deae476f0a36c9c19d5ac125164005a5a0e0f0928cfe': AUTENTICACION_EXITOSA  |
2026-06-03 15:32:31: INFO     | 'ef12c19d3f891611ed7d172073b63b6bbbaa471b869958dd7c7819cb9e84fd30': CREDENCIAL_ANADIDA: Servicio=Github, Usuario=user1 |
2026-06-03 15:32:31: DEBUG    | '99bfd38680264b480c46c8f6abef48e0db8a4cfa6191dd4e045f0d9119b715e4': AUTENTICACION_EXITOSA |
2026-06-03 15:32:31: DEBUG    | '9114603424b9444d6fb1deae476f0a36c9c19d5ac125164005a5a0e0f0928cfe': AUTENTICACION_EXITOSA  |
2026-06-03 15:32:31: WARNING  | '62235fe0f8b7c690391a86ae017a48661f851449ae9d5894e2f306abede5dfd2': LOG CORRUPTO: El archivo log_gestor_credenciales.log ha sido modificado |
2026-06-03 15:32:31: INFO     | '4c5e4868b3d22d487155e62a0573525736e5433d98ebedd1b42302e10f7823bf': GestorCredenciales inicializado correctamente |
2026-06-03 15:32:32: DEBUG    | '99bfd38680264b480c46c8f6abef48e0db8a4cfa6191dd4e045f0d9119b715e4': AUTENTICACION_EXITOSA |
2026-06-03 15:32:32: DEBUG    | '9114603424b9444d6fb1deae476f0a36c9c19d5ac125164005a5a0e0f0928cfe': AUTENTICACION_EXITOSA  |
2026-06-03 15:32:32: DEBUG    | '99bfd38680264b480c46c8f6abef48e0db8a4cfa6191dd4e045f0d9119b715e4': AUTENTICACION_EXITOSA |
2026-06-03 15:32:32: DEBUG    | '9114603424b9444d6fb1deae476f0a36c9c19d5ac125164005a5a0e0f0928cfe': AUTENTICACION_EXITOSA  |
2026-06-03 15:32:32: DEBUG    | '99bfd38680264b480c46c8f6abef48e0db8a4cfa6191dd4e045f0d9119b715e4': AUTENTICACION_EXITOSA |
2026-06-03 15:32:32: DEBUG    | '9114603424b9444d6fb1deae476f0a36c9c19d5ac125164005a5a0e0f0928cfe': AUTENTICACION_EXITOSA  |
2026-06-03 15:32:32: INFO     | 'ef12c19d3f891611ed7d172073b63b6bbbaa471b869958dd7c7819cb9e84fd30': CREDENCIAL_ANADIDA: Servicio=Github, Usuario=user1 |
2026-06-03 15:32:32: DEBUG    | '99bfd38680264b480c46c8f6abef48e0db8a4cfa6191dd4e045f0d9119b715e4': AUTENTICACION_EXITOSA |
2026-06-03 15:32:32: DEBUG    | '9114603424b9444d6fb1deae476f0a36c9c19d5ac125164005a5a0e0f0928cfe': AUTENTICACION_EXITOSA  |
2026-06-03 15:32:32: WARNING  | '62235fe0f8b7c690391a86ae017a48661f851449ae9d5894e2f306abede5dfd2': LOG CORRUPTO: El archivo log_gestor_credenciales.log ha sido modificado |
2026-06-03 15:32:32: INFO     | '4c5e4868b3d22d487155e62a0573525736e5433d98ebedd1b42302e10f7823bf': GestorCredenciales inicializado correctamente |
2026-06-03 15:32:33: DEBUG    | '99bfd38680264b480c46c8f6abef48e0db8a4cfa6191dd4e045f0d9119b715e4': AUTENTICACION_EXITOSA |
2026-06-03 15:32:33: DEBUG    | '9114603424b9444d6fb1deae476f0a36c9c19d5ac125164005a5a0e0f0928cfe': AUTENTICACION_EXITOSA  |
2026-06-03 15:32:33: DEBUG    | '99bfd38680264b480c46c8f6abef48e0db8a4cfa6191dd4e045f0d9119b715e4': AUTENTICACION_EXITOSA |
2026-06-03 15:32:33: DEBUG    | '9114603424b9444d6fb1deae476f0a36c9c19d5ac125164005a5a0e0f0928cfe': AUTENTICACION_EXITOSA  |
2026-06-03 15:32:33: DEBUG    | '99bfd38680264b480c46c8f6abef48e0db8a4cfa6191dd4e045f0d9119b715e4': AUTENTICACION_EXITOSA |
2026-06-03 15:32:33: DEBUG    | '9114603424b9444d6fb1deae476f0a36c9c19d5ac125164005a5a0e0f0928cfe': AUTENTICACION_EXITOSA  |
2026-06-03 15:32:33: INFO     | 'ef12c19d3f891611ed7d172073b63b6bbbaa471b869958dd7c7819cb9e84fd30': CREDENCIAL_ANADIDA: Servicio=Github, Usuario=user1 |
2026-06-03 15:32:33: DEBUG    | '99bfd38680264b480c46c8f6abef48e0db8a4cfa6191dd4e045f0d9119b715e4': AUTENTICACION_EXITOSA |
2026-06-03 15:32:33: DEBUG    | '9114603424b9444d6fb1deae476f0a36c9c19d5ac125164005a5a0e0f0928cfe': AUTENTICACION_EXITOSA  |
2026-06-03 15:32:33: DEBUG    | '99bfd38680264b480c46c8f6abef48e0db8a4cfa6191dd4e045f0d9119b715e4': AUTENTICACION_EXITOSA |
2026-06-03 15:32:33: DEBUG    | '9114603424b9444d6fb1deae476f0a36c9c19d5ac125164005a5a0e0f0928cfe': AUTENTICACION_EXITOSA  |
2026-06-03 15:32:34: DEBUG    | '99bfd38680264b480c46c8f6abef48e0db8a4cfa6191dd4e045f0d9119b715e4': AUTENTICACION_EXITOSA |
2026-06-03 15:32:34: DEBUG    | '9114603424b9444d6fb1deae476f0a36c9c19d5ac125164005a5a0e0f0928cfe': AUTENTICACION_EXITOSA  |
2026-06-03 15:32:34: WARNING  | '62235fe0f8b7c690391a86ae017a48661f851449ae9d5894e2f306abede5dfd2': LOG CORRUPTO: El archivo log_gestor_credenciales.log ha sido modificado |
2026-06-03 15:32:34: INFO     | '4c5e4868b3d22d487155e62a0573525736e5433d98ebedd1b42302e10f7823bf': GestorCredenciales inicializado correctamente |
2026-06-03 15:32:34: DEBUG    | '99bfd38680264b480c46c8f6abef48e0db8a4cfa6191dd4e045f0d9119b715e4': AUTENTICACION_EXITOSA |
2026-06-03 15:32:34: DEBUG    | '9114603424b9444d6fb1deae476f0a36c9c19d5ac125164005a5a0e0f0928cfe': AUTENTICACION_EXITOSA  |
2026-06-03 15:32:34: DEBUG    | '99bfd38680264b480c46c8f6abef48e0db8a4cfa6191dd4e045f0d9119b715e4': AUTENTICACION_EXITOSA |
2026-06-03 15:32:34: DEBUG    | '9114603424b9444d6fb1deae476f0a36c9c19d5ac125164005a5a0e0f0928cfe': AUTENTICACION_EXITOSA  |
2026-06-03 15:32:35: DEBUG    | '99bfd38680264b480c46c8f6abef48e0db8a4cfa6191dd4e045f0d9119b715e4': AUTENTICACION_EXITOSA |
2026-06-03 15:32:35: DEBUG    | '9114603424b9444d6fb1deae476f0a36c9c19d5ac125164005a5a0e0f0928cfe': AUTENTICACION_EXITOSA  |
2026-06-03 15:32:35: INFO     | 'ef12c19d3f891611ed7d172073b63b6bbbaa471b869958dd7c7819cb9e84fd30': CREDENCIAL_ANADIDA: Servicio=Github, Usuario=user1 |
2026-06-03 15:32:35: DEBUG    | '99bfd38680264b480c46c8f6abef48e0db8a4cfa6191dd4e045f0d9119b715e4': AUTENTICACION_EXITOSA |
2026-06-03 15:32:35: DEBUG    | '9114603424b9444d6fb1deae476f0a36c9c19d5ac125164005a5a0e0f0928cfe': AUTENTICACION_EXITOSA  |
2026-06-03 15:32:35: DEBUG    | '99bfd38680264b480c46c8f6abef48e0db8a4cfa6191dd4e045f0d9119b715e4': AUTENTICACION_EXITOSA |
2026-06-03 15:32:35: DEBUG    | '9114603424b9444d6fb1deae476f0a36c9c19d5ac125164005a5a0e0f0928cfe': AUTENTICACION_EXITOSA  |
2026-06-03 15:32:36: DEBUG    | '99bfd38680264b480c46c8f6abef48e0db8a4cfa6191dd4e045f0d9119b715e4': AUTENTICACION_EXITOSA |
2026-06-03 15:32:36: DEBUG    | '9114603424b9444d6fb1deae476f0a36c9c19d5ac125164005a5a0e0f0928cfe': AUTENTICACION_EXITOSA  |
2026-06-03 15:32:36: WARNING  | '62235fe0f8b7c690391a86ae017a48661f851449ae9d5894e2f306abede5dfd2': LOG CORRUPTO: El archivo log_gestor_credenciales.log ha sido modificado |
2026-06-03 15:32:36: INFO     | '4c5e4868b3d22d487155e62a0573525736e5433d98ebedd1b42302e10f7823bf': GestorCredenciales inicializado correctamente |
2026-06-03 15:35:02: WARNING  | 'c487203c0e72664882a67dc59dfeefd77d5ecdd1573512d452806ade94aa2978': LOG CORRUPTO: El archivo log_gestor_credenciales.log ha sido modificado |
2026-06-03 15:35:02: INFO     | '1b444dbd63ce076d9f2455404e41ba5254d271c615ddd579dd373a4e891fbe2f': GestorCredenciales inicializado correctamente |
2026-06-03 15:35:02: WARNING  | '55a355e7980f2127c994fd55fac029e7b2057408f9c2fbd52ffff8bc8c881462': LOG CORRUPTO: El archivo log_gestor_credenciales.log ha sido modificado |
2026-06-03 15:35:02: INFO     | '4c5e4868b3d22d487155e62a0573525736e5433d98ebedd1b42302e10f7823bf': GestorCredenciales inicializado correctamente |
2026-06-03 15:35:02: DEBUG    | '99bfd38680264b480c46c8f6abef48e0db8a4cfa6191dd4e045f0d9119b715e4': AUTENTICACION_EXITOSA |
2026-06-03 15:35:02: DEBUG    | '9114603424b9444d6fb1deae476f0a36c9c19d5ac125164005a5a0e0f0928cfe': AUTENTICACION_EXITOSA  |
2026-06-03 15:35:03: DEBUG    | '99bfd38680264b480c46c8f6abef48e0db8a4cfa6191dd4e045f0d9119b715e4': AUTENTICACION_EXITOSA |
2026-06-03 15:35:03: DEBUG    | '9114603424b9444d6fb1deae476f0a36c9c19d5ac125164005a5a0e0f0928cfe': AUTENTICACION_EXITOSA  |
2026-06-03 15:35:03: DEBUG    | '99bfd38680264b480c46c8f6abef48e0db8a4cfa6191dd4e045f0d9119b715e4': AUTENTICACION_EXITOSA |
2026-06-03 15:35:03: DEBUG    | '9114603424b9444d6fb1deae476f0a36c9c19d5ac125164005a5a0e0f0928cfe': AUTENTICACION_EXITOSA  |
2026-06-03 15:35:03: INFO     | '262677c44c45a42e8dd4448d8435108bf4db32b876e28ceb2249126f0b9381e6': CREDENCIAL_ANADIDA: Servicio=GitHub, Usuario=user1 |
2026-06-03 15:35:03: DEBUG    | '99bfd38680264b480c46c8f6abef48e0db8a4cfa6191dd4e045f0d9119b715e4': AUTENTICACION_EXITOSA |
2026-06-03 15:35:03: DEBUG    | '9114603424b9444d6fb1deae476f0a36c9c19d5ac125164005a5a0e0f0928cfe': AUTENTICACION_EXITOSA  |
2026-06-03 15:35:03: WARNING  | '62235fe0f8b7c690391a86ae017a48661f851449ae9d5894e2f306abede5dfd2': LOG CORRUPTO: El archivo log_gestor_credenciales.log ha sido modificado |
2026-06-03 15:35:03: INFO     | '4c5e4868b3d22d487155e62a0573525736e5433d98ebedd1b42302e10f7823bf': GestorCredenciales inicializado correctamente |
2026-06-03 15:35:03: ERROR    | '71a77524ab3bfbe676277fb28c5aceed78d0cf32e774d8f08e0027598287ae8b': Símbolos no permitidos. Servicio: GitHub; DROP TABLE, Usuario: user1 |
2026-06-03 15:35:03: WARNING  | 'd16de1a0f950ce4376427fc49bf62e2cb3594da681ba436e5f15011bee939396': LOG CORRUPTO: El archivo log_gestor_credenciales.log ha sido modificado |
2026-06-03 15:35:03: INFO     | '4c5e4868b3d22d487155e62a0573525736e5433d98ebedd1b42302e10f7823bf': GestorCredenciales inicializado correctamente |
2026-06-03 15:35:03: WARNING  | 'c487203c0e72664882a67dc59dfeefd77d5ecdd1573512d452806ade94aa2978': LOG CORRUPTO: El archivo log_gestor_credenciales.log ha sido modificado |
2026-06-03 15:35:04: INFO     | '4c5e4868b3d22d487155e62a0573525736e5433d98ebedd1b42302e10f7823bf': GestorCredenciales inicializado correctamente |
2026-06-03 15:35:04: ERROR    | '5a3a2ab08e42ffefec19c8e24b3a52baf10429f3cd9b7b69695be403d6bb577a': Símbolos no permitidos. Servicio: GitHub, Usuario: user<> |
2026-06-03 15:35:04: WARNING  | '04b6ecb42c601490e98c223239b22a7e0dc7a6f71e08faffacd3e363783693ce': LOG CORRUPTO: El archivo log_gestor_credenciales.log ha sido modificado |
2026-06-03 15:35:04: INFO     | '4c5e4868b3d22d487155e62a0573525736e5433d98ebedd1b42302e10f7823bf': GestorCredenciales inicializado correctamente |
2026-06-03 15:35:04: WARNING  | 'c487203c0e72664882a67dc59dfeefd77d5ecdd1573512d452806ade94aa2978': LOG CORRUPTO: El archivo log_gestor_credenciales.log ha sido modificado |
2026-06-03 15:35:04: INFO     | '4c5e4868b3d22d487155e62a0573525736e5433d98ebedd1b42302e10f7823bf': GestorCredenciales inicializado correctamente |
2026-06-03 15:35:04: DEBUG    | '99bfd38680264b480c46c8f6abef48e0db8a4cfa6191dd4e045f0d9119b715e4': AUTENTICACION_EXITOSA |
2026-06-03 15:35:04: DEBUG    | '9114603424b9444d6fb1deae476f0a36c9c19d5ac125164005a5a0e0f0928cfe': AUTENTICACION_EXITOSA  |
2026-06-03 15:35:04: DEBUG    | '99bfd38680264b480c46c8f6abef48e0db8a4cfa6191dd4e045f0d9119b715e4': AUTENTICACION_EXITOSA |
2026-06-03 15:35:04: DEBUG    | '9114603424b9444d6fb1deae476f0a36c9c19d5ac125164005a5a0e0f0928cfe': AUTENTICACION_EXITOSA  |
2026-06-03 15:35:04: DEBUG    | '99bfd38680264b480c46c8f6abef48e0db8a4cfa6191dd4e045f0d9119b715e4': AUTENTICACION_EXITOSA |
2026-06-03 15:35:04: DEBUG    | '9114603424b9444d6fb1deae476f0a36c9c19d5ac125164005a5a0e0f0928cfe': AUTENTICACION_EXITOSA  |
2026-06-03 15:35:05: INFO     | '2805fcc1dc14df1865ac0d8c9749326338c290215cf4766f4c3c2d1c6d5c51ff': CREDENCIAL_ANADIDA: Servicio=GitHub, Usuario=uuuuuuuuuuuuuuuuuuuuuuuuuuuuuuuuuuuuuuuuuuuuuuuuuuuuuuuuuuuuuuuuuuuuuuuuuuuuuuuuuuuuuuuuuuuuuuuuuuuuuuuuuuuuuuuuuuuuuuuuuuuuuuuuuuuuuuuuuuuuuuuuuuuuuuuuuuuuuuuuuuuuuuuuuuuuuuuuuuuuuuuuuuuuuuuuuuuuuuuuuuuuuuuuuuuuuuuuuuuuuuuuuuuuuuuuuuuuuuuuuuuuuuuuuuuuuuu |
2026-06-03 15:35:05: WARNING  | '704db98ec169abb2c124e292de4f171466251fdb4837ec0ffe42994d01a200e2': LOG CORRUPTO: El archivo log_gestor_credenciales.log ha sido modificado |
2026-06-03 15:35:05: INFO     | '4c5e4868b3d22d487155e62a0573525736e5433d98ebedd1b42302e10f7823bf': GestorCredenciales inicializado correctamente |
2026-06-03 15:35:05: WARNING  | 'c487203c0e72664882a67dc59dfeefd77d5ecdd1573512d452806ade94aa2978': LOG CORRUPTO: El archivo log_gestor_credenciales.log ha sido modificado |
2026-06-03 15:35:05: INFO     | '4c5e4868b3d22d487155e62a0573525736e5433d98ebedd1b42302e10f7823bf': GestorCredenciales inicializado correctamente |
2026-06-03 15:35:05: WARNING  | 'c487203c0e72664882a67dc59dfeefd77d5ecdd1573512d452806ade94aa2978': LOG CORRUPTO: El archivo log_gestor_credenciales.log ha sido modificado |
2026-06-03 15:35:05: INFO     | '4c5e4868b3d22d487155e62a0573525736e5433d98ebedd1b42302e10f7823bf': GestorCredenciales inicializado correctamente |
2026-06-03 15:35:05: WARNING  | 'c487203c0e72664882a67dc59dfeefd77d5ecdd1573512d452806ade94aa2978': LOG CORRUPTO: El archivo log_gestor_credenciales.log ha sido modificado |
2026-06-03 15:35:05: INFO     | '4c5e4868b3d22d487155e62a0573525736e5433d98ebedd1b42302e10f7823bf': GestorCredenciales inicializado correctamente |
2026-06-03 15:35:05: DEBUG    | '99bfd38680264b480c46c8f6abef48e0db8a4cfa6191dd4e045f0d9119b715e4': AUTENTICACION_EXITOSA |
2026-06-03 15:35:05: DEBUG    | '9114603424b9444d6fb1deae476f0a36c9c19d5ac125164005a5a0e0f0928cfe': AUTENTICACION_EXITOSA  |
2026-06-03 15:35:06: DEBUG    | '99bfd38680264b480c46c8f6abef48e0db8a4cfa6191dd4e045f0d9119b715e4': AUTENTICACION_EXITOSA |
2026-06-03 15:35:06: DEBUG    | '9114603424b9444d6fb1deae476f0a36c9c19d5ac125164005a5a0e0f0928cfe': AUTENTICACION_EXITOSA  |
2026-06-03 15:35:06: DEBUG    | '99bfd38680264b480c46c8f6abef48e0db8a4cfa6191dd4e045f0d9119b715e4': AUTENTICACION_EXITOSA |
2026-06-03 15:35:06: DEBUG    | '9114603424b9444d6fb1deae476f0a36c9c19d5ac125164005a5a0e0f0928cfe': AUTENTICACION_EXITOSA  |
2026-06-03 15:35:06: INFO     | '2ee9a289da734a6fde48ef3fa34ab05adf97122c039a05a3d1b55e912657a211': CREDENCIAL_ANADIDA: Servicio=GitHub, Usuario=user_name-123 |
2026-06-03 15:35:06: WARNING  | '07a9b1bc28f6fb36553322d2b4547783b78760b0f773f2cf419c41341b9b9153': LOG CORRUPTO: El archivo log_gestor_credenciales.log ha sido modificado |
2026-06-03 15:35:06: INFO     | '4c5e4868b3d22d487155e62a0573525736e5433d98ebedd1b42302e10f7823bf': GestorCredenciales inicializado correctamente |
2026-06-03 15:35:06: DEBUG    | '99bfd38680264b480c46c8f6abef48e0db8a4cfa6191dd4e045f0d9119b715e4': AUTENTICACION_EXITOSA |
2026-06-03 15:35:06: DEBUG    | '9114603424b9444d6fb1deae476f0a36c9c19d5ac125164005a5a0e0f0928cfe': AUTENTICACION_EXITOSA  |
2026-06-03 15:35:06: DEBUG    | '99bfd38680264b480c46c8f6abef48e0db8a4cfa6191dd4e045f0d9119b715e4': AUTENTICACION_EXITOSA |
2026-06-03 15:35:06: DEBUG    | '9114603424b9444d6fb1deae476f0a36c9c19d5ac125164005a5a0e0f0928cfe': AUTENTICACION_EXITOSA  |
2026-06-03 15:35:07: DEBUG    | '99bfd38680264b480c46c8f6abef48e0db8a4cfa6191dd4e045f0d9119b715e4': AUTENTICACION_EXITOSA |
2026-06-03 15:35:07: DEBUG    | '9114603424b9444d6fb1deae476f0a36c9c19d5ac125164005a5a0e0f0928cfe': AUTENTICACION_EXITOSA  |
2026-06-03 15:35:07: INFO     | '262677c44c45a42e8dd4448d8435108bf4db32b876e28ceb2249126f0b9381e6': CREDENCIAL_ANADIDA: Servicio=GitHub, Usuario=user1 |
2026-06-03 15:35:07: WARNING  | '232f7ab1274d453d8dc77980b828c47fd4598bbb1fe3376603b54a9e78344e46': LOG CORRUPTO: El archivo log_gestor_credenciales.log ha sido modificado |
2026-06-03 15:35:07: INFO     | '4c5e4868b3d22d487155e62a0573525736e5433d98ebedd1b42302e10f7823bf': GestorCredenciales inicializado correctamente |
2026-06-03 15:35:07: DEBUG    | '99bfd38680264b480c46c8f6abef48e0db8a4cfa6191dd4e045f0d9119b715e4': AUTENTICACION_EXITOSA |
2026-06-03 15:35:07: DEBUG    | '9114603424b9444d6fb1deae476f0a36c9c19d5ac125164005a5a0e0f0928cfe': AUTENTICACION_EXITOSA  |
2026-06-03 15:35:07: DEBUG    | '99bfd38680264b480c46c8f6abef48e0db8a4cfa6191dd4e045f0d9119b715e4': AUTENTICACION_EXITOSA |
2026-06-03 15:35:07: DEBUG    | '9114603424b9444d6fb1deae476f0a36c9c19d5ac125164005a5a0e0f0928cfe': AUTENTICACION_EXITOSA  |
2026-06-03 15:35:07: DEBUG    | '99bfd38680264b480c46c8f6abef48e0db8a4cfa6191dd4e045f0d9119b715e4': AUTENTICACION_EXITOSA |
2026-06-03 15:35:07: DEBUG    | '9114603424b9444d6fb1deae476f0a36c9c19d5ac125164005a5a0e0f0928cfe': AUTENTICACION_EXITOSA  |
2026-06-03 15:35:08: INFO     | '8dd72c4531d27d459da107640c7c246c7978ac2091a38bd277e39a17e198e8d0': CREDENCIAL_ANADIDA: Servicio=GitHub, Usuario=u |
2026-06-03 15:35:08: WARNING  | 'c264c48bde834e209fd1321bf50b87f15e2f7f446ffabbe3c0455c4b2b388027': LOG CORRUPTO: El archivo log_gestor_credenciales.log ha sido modificado |
2026-06-03 15:35:08: INFO     | '4c5e4868b3d22d487155e62a0573525736e5433d98ebedd1b42302e10f7823bf': GestorCredenciales inicializado correctamente |
2026-06-03 15:35:08: ERROR    | '455f0507e7bffb74e90addc759f0b49c76b01a68b677245e984b19e150497ec1': Símbolos no permitidos. Servicio: GitHub, Usuario: <script>alert(1)</script> |
2026-06-03 15:35:08: WARNING  | 'bb15bb9b01c8358da6a8e804b4231789a72edfd12e75cca900606f09ba7a20bf': LOG CORRUPTO: El archivo log_gestor_credenciales.log ha sido modificado |
2026-06-03 15:35:08: INFO     | '4c5e4868b3d22d487155e62a0573525736e5433d98ebedd1b42302e10f7823bf': GestorCredenciales inicializado correctamente |
2026-06-03 15:35:08: WARNING  | 'c487203c0e72664882a67dc59dfeefd77d5ecdd1573512d452806ade94aa2978': LOG CORRUPTO: El archivo log_gestor_credenciales.log ha sido modificado |
2026-06-03 15:35:08: INFO     | '4c5e4868b3d22d487155e62a0573525736e5433d98ebedd1b42302e10f7823bf': GestorCredenciales inicializado correctamente |
2026-06-03 15:35:08: WARNING  | 'c487203c0e72664882a67dc59dfeefd77d5ecdd1573512d452806ade94aa2978': LOG CORRUPTO: El archivo log_gestor_credenciales.log ha sido modificado |
2026-06-03 15:35:08: INFO     | '4c5e4868b3d22d487155e62a0573525736e5433d98ebedd1b42302e10f7823bf': GestorCredenciales inicializado correctamente |
2026-06-03 15:35:08: DEBUG    | '99bfd38680264b480c46c8f6abef48e0db8a4cfa6191dd4e045f0d9119b715e4': AUTENTICACION_EXITOSA |
2026-06-03 15:35:08: DEBUG    | '9114603424b9444d6fb1deae476f0a36c9c19d5ac125164005a5a0e0f0928cfe': AUTENTICACION_EXITOSA  |
2026-06-03 15:35:09: DEBUG    | '99bfd38680264b480c46c8f6abef48e0db8a4cfa6191dd4e045f0d9119b715e4': AUTENTICACION_EXITOSA |
2026-06-03 15:35:09: DEBUG    | '9114603424b9444d6fb1deae476f0a36c9c19d5ac125164005a5a0e0f0928cfe': AUTENTICACION_EXITOSA  |
2026-06-03 15:35:09: DEBUG    | '99bfd38680264b480c46c8f6abef48e0db8a4cfa6191dd4e045f0d9119b715e4': AUTENTICACION_EXITOSA |
2026-06-03 15:35:09: DEBUG    | '9114603424b9444d6fb1deae476f0a36c9c19d5ac125164005a5a0e0f0928cfe': AUTENTICACION_EXITOSA  |
2026-06-03 15:35:09: INFO     | '9859d3cb3401dcedc98b048afa7120a6d4e032a1d8f18904d4988be3eff57a33': CREDENCIAL_ANADIDA: Servicio=Binance, Usuario=usuario_api |
2026-06-03 15:35:09: DEBUG    | '99bfd38680264b480c46c8f6abef48e0db8a4cfa6191dd4e045f0d9119b715e4': AUTENTICACION_EXITOSA |
2026-06-03 15:35:09: DEBUG    | '9114603424b9444d6fb1deae476f0a36c9c19d5ac125164005a5a0e0f0928cfe': AUTENTICACION_EXITOSA  |
2026-06-03 15:35:10: DEBUG    | '99bfd38680264b480c46c8f6abef48e0db8a4cfa6191dd4e045f0d9119b715e4': AUTENTICACION_EXITOSA |
2026-06-03 15:35:10: DEBUG    | '9114603424b9444d6fb1deae476f0a36c9c19d5ac125164005a5a0e0f0928cfe': AUTENTICACION_EXITOSA  |
2026-06-03 15:35:10: WARNING  | '62235fe0f8b7c690391a86ae017a48661f851449ae9d5894e2f306abede5dfd2': LOG CORRUPTO: El archivo log_gestor_credenciales.log ha sido modificado |
2026-06-03 15:35:10: INFO     | '4c5e4868b3d22d487155e62a0573525736e5433d98ebedd1b42302e10f7823bf': GestorCredenciales inicializado correctamente |
2026-06-03 15:35:10: DEBUG    | '99bfd38680264b480c46c8f6abef48e0db8a4cfa6191dd4e045f0d9119b715e4': AUTENTICACION_EXITOSA |
2026-06-03 15:35:10: DEBUG    | '9114603424b9444d6fb1deae476f0a36c9c19d5ac125164005a5a0e0f0928cfe': AUTENTICACION_EXITOSA  |
2026-06-03 15:35:10: DEBUG    | '99bfd38680264b480c46c8f6abef48e0db8a4cfa6191dd4e045f0d9119b715e4': AUTENTICACION_EXITOSA |
2026-06-03 15:35:10: DEBUG    | '9114603424b9444d6fb1deae476f0a36c9c19d5ac125164005a5a0e0f0928cfe': AUTENTICACION_EXITOSA  |
2026-06-03 15:35:10: DEBUG    | '99bfd38680264b480c46c8f6abef48e0db8a4cfa6191dd4e045f0d9119b715e4': AUTENTICACION_EXITOSA |
2026-06-03 15:35:10: DEBUG    | '9114603424b9444d6fb1deae476f0a36c9c19d5ac125164005a5a0e0f0928cfe': AUTENTICACION_EXITOSA  |
2026-06-03 15:35:11: INFO     | '9859d3cb3401dcedc98b048afa7120a6d4e032a1d8f18904d4988be3eff57a33': CREDENCIAL_ANADIDA: Servicio=Binance, Usuario=usuario_api |
2026-06-03 15:35:11: WARNING  | 'a41dd045cfc2726afaa9d3e91bd2127f01f5a561dd4469fbff942001369bda38': LOG CORRUPTO: El archivo log_gestor_credenciales.log ha sido modificado |
2026-06-03 15:35:11: INFO     | '4c5e4868b3d22d487155e62a0573525736e5433d98ebedd1b42302e10f7823bf': GestorCredenciales inicializado correctamente |
2026-06-03 15:35:11: DEBUG    | '99bfd38680264b480c46c8f6abef48e0db8a4cfa6191dd4e045f0d9119b715e4': AUTENTICACION_EXITOSA |
2026-06-03 15:35:11: DEBUG    | '9114603424b9444d6fb1deae476f0a36c9c19d5ac125164005a5a0e0f0928cfe': AUTENTICACION_EXITOSA  |
2026-06-03 15:35:11: DEBUG    | '99bfd38680264b480c46c8f6abef48e0db8a4cfa6191dd4e045f0d9119b715e4': AUTENTICACION_EXITOSA |
2026-06-03 15:35:11: DEBUG    | '9114603424b9444d6fb1deae476f0a36c9c19d5ac125164005a5a0e0f0928cfe': AUTENTICACION_EXITOSA  |
2026-06-03 15:35:11: DEBUG    | '99bfd38680264b480c46c8f6abef48e0db8a4cfa6191dd4e045f0d9119b715e4': AUTENTICACION_EXITOSA |
2026-06-03 15:35:11: DEBUG    | '9114603424b9444d6fb1deae476f0a36c9c19d5ac125164005a5a0e0f0928cfe': AUTENTICACION_EXITOSA  |
2026-06-03 15:35:12: INFO     | '9859d3cb3401dcedc98b048afa7120a6d4e032a1d8f18904d4988be3eff57a33': CREDENCIAL_ANADIDA: Servicio=Binance, Usuario=usuario_api |
2026-06-03 15:35:12: DEBUG    | '99bfd38680264b480c46c8f6abef48e0db8a4cfa6191dd4e045f0d9119b715e4': AUTENTICACION_EXITOSA |
2026-06-03 15:35:12: DEBUG    | '9114603424b9444d6fb1deae476f0a36c9c19d5ac125164005a5a0e0f0928cfe': AUTENTICACION_EXITOSA  |
2026-06-03 15:35:12: WARNING  | '62235fe0f8b7c690391a86ae017a48661f851449ae9d5894e2f306abede5dfd2': LOG CORRUPTO: El archivo log_gestor_credenciales.log ha sido modificado |
2026-06-03 15:35:12: INFO     | '4c5e4868b3d22d487155e62a0573525736e5433d98ebedd1b42302e10f7823bf': GestorCredenciales inicializado correctamente |
2026-06-03 15:35:12: DEBUG    | '99bfd38680264b480c46c8f6abef48e0db8a4cfa6191dd4e045f0d9119b715e4': AUTENTICACION_EXITOSA |
2026-06-03 15:35:12: DEBUG    | '9114603424b9444d6fb1deae476f0a36c9c19d5ac125164005a5a0e0f0928cfe': AUTENTICACION_EXITOSA  |
2026-06-03 15:35:12: DEBUG    | '99bfd38680264b480c46c8f6abef48e0db8a4cfa6191dd4e045f0d9119b715e4': AUTENTICACION_EXITOSA |
2026-06-03 15:35:12: DEBUG    | '9114603424b9444d6fb1deae476f0a36c9c19d5ac125164005a5a0e0f0928cfe': AUTENTICACION_EXITOSA  |
2026-06-03 15:35:13: DEBUG    | '99bfd38680264b480c46c8f6abef48e0db8a4cfa6191dd4e045f0d9119b715e4': AUTENTICACION_EXITOSA |
2026-06-03 15:35:13: DEBUG    | '9114603424b9444d6fb1deae476f0a36c9c19d5ac125164005a5a0e0f0928cfe': AUTENTICACION_EXITOSA  |
2026-06-03 15:35:13: INFO     | '9859d3cb3401dcedc98b048afa7120a6d4e032a1d8f18904d4988be3eff57a33': CREDENCIAL_ANADIDA: Servicio=Binance, Usuario=usuario_api |
2026-06-03 15:35:13: DEBUG    | '99bfd38680264b480c46c8f6abef48e0db8a4cfa6191dd4e045f0d9119b715e4': AUTENTICACION_EXITOSA |
2026-06-03 15:35:13: DEBUG    | '9114603424b9444d6fb1deae476f0a36c9c19d5ac125164005a5a0e0f0928cfe': AUTENTICACION_EXITOSA  |
2026-06-03 15:35:13: WARNING  | '62235fe0f8b7c690391a86ae017a48661f851449ae9d5894e2f306abede5dfd2': LOG CORRUPTO: El archivo log_gestor_credenciales.log ha sido modificado |
2026-06-03 15:35:13: INFO     | '4c5e4868b3d22d487155e62a0573525736e5433d98ebedd1b42302e10f7823bf': GestorCredenciales inicializado correctamente |
2026-06-03 15:35:13: DEBUG    | '99bfd38680264b480c46c8f6abef48e0db8a4cfa6191dd4e045f0d9119b715e4': AUTENTICACION_EXITOSA |
2026-06-03 15:35:13: DEBUG    | '9114603424b9444d6fb1deae476f0a36c9c19d5ac125164005a5a0e0f0928cfe': AUTENTICACION_EXITOSA  |
2026-06-03 15:35:13: DEBUG    | '99bfd38680264b480c46c8f6abef48e0db8a4cfa6191dd4e045f0d9119b715e4': AUTENTICACION_EXITOSA |
2026-06-03 15:35:13: DEBUG    | '9114603424b9444d6fb1deae476f0a36c9c19d5ac125164005a5a0e0f0928cfe': AUTENTICACION_EXITOSA  |
2026-06-03 15:35:14: DEBUG    | '99bfd38680264b480c46c8f6abef48e0db8a4cfa6191dd4e045f0d9119b715e4': AUTENTICACION_EXITOSA |
2026-06-03 15:35:14: DEBUG    | '9114603424b9444d6fb1deae476f0a36c9c19d5ac125164005a5a0e0f0928cfe': AUTENTICACION_EXITOSA  |
2026-06-03 15:35:14: INFO     | '9859d3cb3401dcedc98b048afa7120a6d4e032a1d8f18904d4988be3eff57a33': CREDENCIAL_ANADIDA: Servicio=Binance, Usuario=usuario_api |
2026-06-03 15:35:14: DEBUG    | '99bfd38680264b480c46c8f6abef48e0db8a4cfa6191dd4e045f0d9119b715e4': AUTENTICACION_EXITOSA |
2026-06-03 15:35:14: DEBUG    | '9114603424b9444d6fb1deae476f0a36c9c19d5ac125164005a5a0e0f0928cfe': AUTENTICACION_EXITOSA  |
2026-06-03 15:35:14: WARNING  | '62235fe0f8b7c690391a86ae017a48661f851449ae9d5894e2f306abede5dfd2': LOG CORRUPTO: El archivo log_gestor_credenciales.log ha sido modificado |
2026-06-03 15:35:14: INFO     | '4c5e4868b3d22d487155e62a0573525736e5433d98ebedd1b42302e10f7823bf': GestorCredenciales inicializado correctamente |
2026-06-03 15:35:14: DEBUG    | '99bfd38680264b480c46c8f6abef48e0db8a4cfa6191dd4e045f0d9119b715e4': AUTENTICACION_EXITOSA |
2026-06-03 15:35:14: DEBUG    | '9114603424b9444d6fb1deae476f0a36c9c19d5ac125164005a5a0e0f0928cfe': AUTENTICACION_EXITOSA  |
2026-06-03 15:35:14: DEBUG    | '99bfd38680264b480c46c8f6abef48e0db8a4cfa6191dd4e045f0d9119b715e4': AUTENTICACION_EXITOSA |
2026-06-03 15:35:14: DEBUG    | '9114603424b9444d6fb1deae476f0a36c9c19d5ac125164005a5a0e0f0928cfe': AUTENTICACION_EXITOSA  |
2026-06-03 15:35:15: DEBUG    | '99bfd38680264b480c46c8f6abef48e0db8a4cfa6191dd4e045f0d9119b715e4': AUTENTICACION_EXITOSA |
2026-06-03 15:35:15: DEBUG    | '9114603424b9444d6fb1deae476f0a36c9c19d5ac125164005a5a0e0f0928cfe': AUTENTICACION_EXITOSA  |
2026-06-03 15:35:15: INFO     | '9859d3cb3401dcedc98b048afa7120a6d4e032a1d8f18904d4988be3eff57a33': CREDENCIAL_ANADIDA: Servicio=Binance, Usuario=usuario_api |
2026-06-03 15:35:15: DEBUG    | '99bfd38680264b480c46c8f6abef48e0db8a4cfa6191dd4e045f0d9119b715e4': AUTENTICACION_EXITOSA |
2026-06-03 15:35:15: DEBUG    | '9114603424b9444d6fb1deae476f0a36c9c19d5ac125164005a5a0e0f0928cfe': AUTENTICACION_EXITOSA  |
2026-06-03 15:35:15: WARNING  | '62235fe0f8b7c690391a86ae017a48661f851449ae9d5894e2f306abede5dfd2': LOG CORRUPTO: El archivo log_gestor_credenciales.log ha sido modificado |
2026-06-03 15:35:15: INFO     | '4c5e4868b3d22d487155e62a0573525736e5433d98ebedd1b42302e10f7823bf': GestorCredenciales inicializado correctamente |
2026-06-03 15:35:15: DEBUG    | '99bfd38680264b480c46c8f6abef48e0db8a4cfa6191dd4e045f0d9119b715e4': AUTENTICACION_EXITOSA |
2026-06-03 15:35:15: DEBUG    | '9114603424b9444d6fb1deae476f0a36c9c19d5ac125164005a5a0e0f0928cfe': AUTENTICACION_EXITOSA  |
2026-06-03 15:35:16: DEBUG    | '99bfd38680264b480c46c8f6abef48e0db8a4cfa6191dd4e045f0d9119b715e4': AUTENTICACION_EXITOSA |
2026-06-03 15:35:16: DEBUG    | '9114603424b9444d6fb1deae476f0a36c9c19d5ac125164005a5a0e0f0928cfe': AUTENTICACION_EXITOSA  |
2026-06-03 15:35:16: DEBUG    | '99bfd38680264b480c46c8f6abef48e0db8a4cfa6191dd4e045f0d9119b715e4': AUTENTICACION_EXITOSA |
2026-06-03 15:35:16: DEBUG    | '9114603424b9444d6fb1deae476f0a36c9c19d5ac125164005a5a0e0f0928cfe': AUTENTICACION_EXITOSA  |
2026-06-03 15:35:16: INFO     | '9859d3cb3401dcedc98b048afa7120a6d4e032a1d8f18904d4988be3eff57a33': CREDENCIAL_ANADIDA: Servicio=Binance, Usuario=usuario_api |
2026-06-03 15:35:16: WARNING  | 'a41dd045cfc2726afaa9d3e91bd2127f01f5a561dd4469fbff942001369bda38': LOG CORRUPTO: El archivo log_gestor_credenciales.log ha sido modificado |
2026-06-03 15:35:16: INFO     | '4c5e4868b3d22d487155e62a0573525736e5433d98ebedd1b42302e10f7823bf': GestorCredenciales inicializado correctamente |
2026-06-03 15:35:16: DEBUG    | '99bfd38680264b480c46c8f6abef48e0db8a4cfa6191dd4e045f0d9119b715e4': AUTENTICACION_EXITOSA |
2026-06-03 15:35:16: DEBUG    | '9114603424b9444d6fb1deae476f0a36c9c19d5ac125164005a5a0e0f0928cfe': AUTENTICACION_EXITOSA  |
2026-06-03 15:35:16: DEBUG    | '99bfd38680264b480c46c8f6abef48e0db8a4cfa6191dd4e045f0d9119b715e4': AUTENTICACION_EXITOSA |
2026-06-03 15:35:16: DEBUG    | '9114603424b9444d6fb1deae476f0a36c9c19d5ac125164005a5a0e0f0928cfe': AUTENTICACION_EXITOSA  |
2026-06-03 15:35:17: DEBUG    | '99bfd38680264b480c46c8f6abef48e0db8a4cfa6191dd4e045f0d9119b715e4': AUTENTICACION_EXITOSA |
2026-06-03 15:35:17: DEBUG    | '9114603424b9444d6fb1deae476f0a36c9c19d5ac125164005a5a0e0f0928cfe': AUTENTICACION_EXITOSA  |
2026-06-03 15:35:17: INFO     | '262677c44c45a42e8dd4448d8435108bf4db32b876e28ceb2249126f0b9381e6': CREDENCIAL_ANADIDA: Servicio=GitHub, Usuario=user1 |
2026-06-03 15:35:17: DEBUG    | '99bfd38680264b480c46c8f6abef48e0db8a4cfa6191dd4e045f0d9119b715e4': AUTENTICACION_EXITOSA |
2026-06-03 15:35:17: DEBUG    | '9114603424b9444d6fb1deae476f0a36c9c19d5ac125164005a5a0e0f0928cfe': AUTENTICACION_EXITOSA  |
2026-06-03 15:35:17: DEBUG    | '99bfd38680264b480c46c8f6abef48e0db8a4cfa6191dd4e045f0d9119b715e4': AUTENTICACION_EXITOSA |
2026-06-03 15:35:17: DEBUG    | '9114603424b9444d6fb1deae476f0a36c9c19d5ac125164005a5a0e0f0928cfe': AUTENTICACION_EXITOSA  |
2026-06-03 15:35:17: DEBUG    | '99bfd38680264b480c46c8f6abef48e0db8a4cfa6191dd4e045f0d9119b715e4': AUTENTICACION_EXITOSA |
2026-06-03 15:35:17: DEBUG    | '9114603424b9444d6fb1deae476f0a36c9c19d5ac125164005a5a0e0f0928cfe': AUTENTICACION_EXITOSA  |
2026-06-03 15:35:17: DEBUG    | '99bfd38680264b480c46c8f6abef48e0db8a4cfa6191dd4e045f0d9119b715e4': AUTENTICACION_EXITOSA |
2026-06-03 15:35:17: DEBUG    | '9114603424b9444d6fb1deae476f0a36c9c19d5ac125164005a5a0e0f0928cfe': AUTENTICACION_EXITOSA  |
2026-06-03 15:35:18: DEBUG    | '99bfd38680264b480c46c8f6abef48e0db8a4cfa6191dd4e045f0d9119b715e4': AUTENTICACION_EXITOSA |
2026-06-03 15:35:18: DEBUG    | '9114603424b9444d6fb1deae476f0a36c9c19d5ac125164005a5a0e0f0928cfe': AUTENTICACION_EXITOSA  |
2026-06-03 15:35:18: WARNING  | '62235fe0f8b7c690391a86ae017a48661f851449ae9d5894e2f306abede5dfd2': LOG CORRUPTO: El archivo log_gestor_credenciales.log ha sido modificado |
2026-06-03 15:35:18: INFO     | '4c5e4868b3d22d487155e62a0573525736e5433d98ebedd1b42302e10f7823bf': GestorCredenciales inicializado correctamente |
2026-06-03 15:35:18: DEBUG    | '99bfd38680264b480c46c8f6abef48e0db8a4cfa6191dd4e045f0d9119b715e4': AUTENTICACION_EXITOSA |
2026-06-03 15:35:18: DEBUG    | '9114603424b9444d6fb1deae476f0a36c9c19d5ac125164005a5a0e0f0928cfe': AUTENTICACION_EXITOSA  |
2026-06-03 15:35:18: DEBUG    | '99bfd38680264b480c46c8f6abef48e0db8a4cfa6191dd4e045f0d9119b715e4': AUTENTICACION_EXITOSA |
2026-06-03 15:35:18: DEBUG    | '9114603424b9444d6fb1deae476f0a36c9c19d5ac125164005a5a0e0f0928cfe': AUTENTICACION_EXITOSA  |
2026-06-03 15:35:18: DEBUG    | '99bfd38680264b480c46c8f6abef48e0db8a4cfa6191dd4e045f0d9119b715e4': AUTENTICACION_EXITOSA |
2026-06-03 15:35:18: DEBUG    | '9114603424b9444d6fb1deae476f0a36c9c19d5ac125164005a5a0e0f0928cfe': AUTENTICACION_EXITOSA  |
2026-06-03 15:35:18: INFO     | '262677c44c45a42e8dd4448d8435108bf4db32b876e28ceb2249126f0b9381e6': CREDENCIAL_ANADIDA: Servicio=GitHub, Usuario=user1 |
2026-06-03 15:35:19: WARNING  | '232f7ab1274d453d8dc77980b828c47fd4598bbb1fe3376603b54a9e78344e46': LOG CORRUPTO: El archivo log_gestor_credenciales.log ha sido modificado |
2026-06-03 15:35:19: INFO     | '4c5e4868b3d22d487155e62a0573525736e5433d98ebedd1b42302e10f7823bf': GestorCredenciales inicializado correctamente |
2026-06-03 15:35:19: DEBUG    | '99bfd38680264b480c46c8f6abef48e0db8a4cfa6191dd4e045f0d9119b715e4': AUTENTICACION_EXITOSA |
2026-06-03 15:35:19: DEBUG    | '9114603424b9444d6fb1deae476f0a36c9c19d5ac125164005a5a0e0f0928cfe': AUTENTICACION_EXITOSA  |
2026-06-03 15:35:19: DEBUG    | '99bfd38680264b480c46c8f6abef48e0db8a4cfa6191dd4e045f0d9119b715e4': AUTENTICACION_EXITOSA |
2026-06-03 15:35:19: DEBUG    | '9114603424b9444d6fb1deae476f0a36c9c19d5ac125164005a5a0e0f0928cfe': AUTENTICACION_EXITOSA  |
2026-06-03 15:35:19: DEBUG    | '99bfd38680264b480c46c8f6abef48e0db8a4cfa6191dd4e045f0d9119b715e4': AUTENTICACION_EXITOSA |
2026-06-03 15:35:19: DEBUG    | '9114603424b9444d6fb1deae476f0a36c9c19d5ac125164005a5a0e0f0928cfe': AUTENTICACION_EXITOSA  |
2026-06-03 15:35:19: INFO     | '262677c44c45a42e8dd4448d8435108bf4db32b876e28ceb2249126f0b9381e6': CREDENCIAL_ANADIDA: Servicio=GitHub, Usuario=user1 |
2026-06-03 15:35:20: DEBUG    | '99bfd38680264b480c46c8f6abef48e0db8a4cfa6191dd4e045f0d9119b715e4': AUTENTICACION_EXITOSA |
2026-06-03 15:35:20: DEBUG    | '9114603424b9444d6fb1deae476f0a36c9c19d5ac125164005a5a0e0f0928cfe': AUTENTICACION_EXITOSA  |
2026-06-03 15:35:20: DEBUG    | '99bfd38680264b480c46c8f6abef48e0db8a4cfa6191dd4e045f0d9119b715e4': AUTENTICACION_EXITOSA |
2026-06-03 15:35:20: DEBUG    | '9114603424b9444d6fb1deae476f0a36c9c19d5ac125164005a5a0e0f0928cfe': AUTENTICACION_EXITOSA  |
2026-06-03 15:35:20: WARNING  | '62235fe0f8b7c690391a86ae017a48661f851449ae9d5894e2f306abede5dfd2': LOG CORRUPTO: El archivo log_gestor_credenciales.log ha sido modificado |
2026-06-03 15:35:20: INFO     | '4c5e4868b3d22d487155e62a0573525736e5433d98ebedd1b42302e10f7823bf': GestorCredenciales inicializado correctamente |
2026-06-03 15:35:20: DEBUG    | '99bfd38680264b480c46c8f6abef48e0db8a4cfa6191dd4e045f0d9119b715e4': AUTENTICACION_EXITOSA |
2026-06-03 15:35:20: DEBUG    | '9114603424b9444d6fb1deae476f0a36c9c19d5ac125164005a5a0e0f0928cfe': AUTENTICACION_EXITOSA  |
2026-06-03 15:35:20: DEBUG    | '99bfd38680264b480c46c8f6abef48e0db8a4cfa6191dd4e045f0d9119b715e4': AUTENTICACION_EXITOSA |
2026-06-03 15:35:20: DEBUG    | '9114603424b9444d6fb1deae476f0a36c9c19d5ac125164005a5a0e0f0928cfe': AUTENTICACION_EXITOSA  |
2026-06-03 15:35:20: DEBUG    | '99bfd38680264b480c46c8f6abef48e0db8a4cfa6191dd4e045f0d9119b715e4': AUTENTICACION_EXITOSA |
2026-06-03 15:35:20: DEBUG    | '9114603424b9444d6fb1deae476f0a36c9c19d5ac125164005a5a0e0f0928cfe': AUTENTICACION_EXITOSA  |
2026-06-03 15:35:21: INFO     | '262677c44c45a42e8dd4448d8435108bf4db32b876e28ceb2249126f0b9381e6': CREDENCIAL_ANADIDA: Servicio=GitHub, Usuario=user1 |
2026-06-03 15:35:21: DEBUG    | '99bfd38680264b480c46c8f6abef48e0db8a4cfa6191dd4e045f0d9119b715e4': AUTENTICACION_EXITOSA |
2026-06-03 15:35:21: DEBUG    | '9114603424b9444d6fb1deae476f0a36c9c19d5ac125164005a5a0e0f0928cfe': AUTENTICACION_EXITOSA  |
2026-06-03 15:35:21: DEBUG    | '99bfd38680264b480c46c8f6abef48e0db8a4cfa6191dd4e045f0d9119b715e4': AUTENTICACION_EXITOSA |
2026-06-03 15:35:21: DEBUG    | '9114603424b9444d6fb1deae476f0a36c9c19d5ac125164005a5a0e0f0928cfe': AUTENTICACION_EXITOSA  |
2026-06-03 15:35:21: INFO     | '9a927e07e4b70c9c1087c0dcfc25704a24fdce2fcbbb42a1e8abf31d2d41f679': CREDENCIAL_ANADIDA: Servicio=GitHub, Usuario=user2 |
2026-06-03 15:35:21: DEBUG    | '99bfd38680264b480c46c8f6abef48e0db8a4cfa6191dd4e045f0d9119b715e4': AUTENTICACION_EXITOSA |
2026-06-03 15:35:21: DEBUG    | '9114603424b9444d6fb1deae476f0a36c9c19d5ac125164005a5a0e0f0928cfe': AUTENTICACION_EXITOSA  |
2026-06-03 15:35:21: DEBUG    | '99bfd38680264b480c46c8f6abef48e0db8a4cfa6191dd4e045f0d9119b715e4': AUTENTICACION_EXITOSA |
2026-06-03 15:35:21: DEBUG    | '9114603424b9444d6fb1deae476f0a36c9c19d5ac125164005a5a0e0f0928cfe': AUTENTICACION_EXITOSA  |
2026-06-03 15:35:22: DEBUG    | '99bfd38680264b480c46c8f6abef48e0db8a4cfa6191dd4e045f0d9119b715e4': AUTENTICACION_EXITOSA |
2026-06-03 15:35:22: DEBUG    | '9114603424b9444d6fb1deae476f0a36c9c19d5ac125164005a5a0e0f0928cfe': AUTENTICACION_EXITOSA  |
2026-06-03 15:35:22: WARNING  | '62235fe0f8b7c690391a86ae017a48661f851449ae9d5894e2f306abede5dfd2': LOG CORRUPTO: El archivo log_gestor_credenciales.log ha sido modificado |
2026-06-03 15:35:22: INFO     | '4c5e4868b3d22d487155e62a0573525736e5433d98ebedd1b42302e10f7823bf': GestorCredenciales inicializado correctamente |
2026-06-03 15:35:22: DEBUG    | '99bfd38680264b480c46c8f6abef48e0db8a4cfa6191dd4e045f0d9119b715e4': AUTENTICACION_EXITOSA |
2026-06-03 15:35:22: DEBUG    | '9114603424b9444d6fb1deae476f0a36c9c19d5ac125164005a5a0e0f0928cfe': AUTENTICACION_EXITOSA  |
2026-06-03 15:35:22: DEBUG    | '99bfd38680264b480c46c8f6abef48e0db8a4cfa6191dd4e045f0d9119b715e4': AUTENTICACION_EXITOSA |
2026-06-03 15:35:22: DEBUG    | '9114603424b9444d6fb1deae476f0a36c9c19d5ac125164005a5a0e0f0928cfe': AUTENTICACION_EXITOSA  |
2026-06-03 15:35:22: DEBUG    | '99bfd38680264b480c46c8f6abef48e0db8a4cfa6191dd4e045f0d9119b715e4': AUTENTICACION_EXITOSA |
2026-06-03 15:35:22: DEBUG    | '9114603424b9444d6fb1deae476f0a36c9c19d5ac125164005a5a0e0f0928cfe': AUTENTICACION_EXITOSA  |
2026-06-03 15:35:22: INFO     | '262677c44c45a42e8dd4448d8435108bf4db32b876e28ceb2249126f0b9381e6': CREDENCIAL_ANADIDA: Servicio=GitHub, Usuario=user1 |
2026-06-03 15:35:22: WARNING  | '232f7ab1274d453d8dc77980b828c47fd4598bbb1fe3376603b54a9e78344e46': LOG CORRUPTO: El archivo log_gestor_credenciales.log ha sido modificado |
2026-06-03 15:35:23: INFO     | '4c5e4868b3d22d487155e62a0573525736e5433d98ebedd1b42302e10f7823bf': GestorCredenciales inicializado correctamente |
2026-06-03 15:35:23: DEBUG    | '99bfd38680264b480c46c8f6abef48e0db8a4cfa6191dd4e045f0d9119b715e4': AUTENTICACION_EXITOSA |
2026-06-03 15:35:23: DEBUG    | '9114603424b9444d6fb1deae476f0a36c9c19d5ac125164005a5a0e0f0928cfe': AUTENTICACION_EXITOSA  |
2026-06-03 15:35:23: DEBUG    | '99bfd38680264b480c46c8f6abef48e0db8a4cfa6191dd4e045f0d9119b715e4': AUTENTICACION_EXITOSA |
2026-06-03 15:35:23: DEBUG    | '9114603424b9444d6fb1deae476f0a36c9c19d5ac125164005a5a0e0f0928cfe': AUTENTICACION_EXITOSA  |
2026-06-03 15:35:23: DEBUG    | '99bfd38680264b480c46c8f6abef48e0db8a4cfa6191dd4e045f0d9119b715e4': AUTENTICACION_EXITOSA |
2026-06-03 15:35:23: DEBUG    | '9114603424b9444d6fb1deae476f0a36c9c19d5ac125164005a5a0e0f0928cfe': AUTENTICACION_EXITOSA  |
2026-06-03 15:35:23: INFO     | '262677c44c45a42e8dd4448d8435108bf4db32b876e28ceb2249126f0b9381e6': CREDENCIAL_ANADIDA: Servicio=GitHub, Usuario=user1 |
2026-06-03 15:35:23: DEBUG    | '99bfd38680264b480c46c8f6abef48e0db8a4cfa6191dd4e045f0d9119b715e4': AUTENTICACION_EXITOSA |
2026-06-03 15:35:23: DEBUG    | '9114603424b9444d6fb1deae476f0a36c9c19d5ac125164005a5a0e0f0928cfe': AUTENTICACION_EXITOSA  |
2026-06-03 15:35:24: DEBUG    | '99bfd38680264b480c46c8f6abef48e0db8a4cfa6191dd4e045f0d9119b715e4': AUTENTICACION_EXITOSA |
2026-06-03 15:35:24: DEBUG    | '9114603424b9444d6fb1deae476f0a36c9c19d5ac125164005a5a0e0f0928cfe': AUTENTICACION_EXITOSA  |
2026-06-03 15:35:24: DEBUG    | '99bfd38680264b480c46c8f6abef48e0db8a4cfa6191dd4e045f0d9119b715e4': AUTENTICACION_EXITOSA |
2026-06-03 15:35:24: DEBUG    | '9114603424b9444d6fb1deae476f0a36c9c19d5ac125164005a5a0e0f0928cfe': AUTENTICACION_EXITOSA  |
2026-06-03 15:35:24: DEBUG    | '99bfd38680264b480c46c8f6abef48e0db8a4cfa6191dd4e045f0d9119b715e4': AUTENTICACION_EXITOSA |
2026-06-03 15:35:24: DEBUG    | '9114603424b9444d6fb1deae476f0a36c9c19d5ac125164005a5a0e0f0928cfe': AUTENTICACION_EXITOSA  |
2026-06-03 15:35:24: DEBUG    | '99bfd38680264b480c46c8f6abef48e0db8a4cfa6191dd4e045f0d9119b715e4': AUTENTICACION_EXITOSA |
2026-06-03 15:35:24: DEBUG    | '9114603424b9444d6fb1deae476f0a36c9c19d5ac125164005a5a0e0f0928cfe': AUTENTICACION_EXITOSA  |
2026-06-03 15:35:24: WARNING  | '62235fe0f8b7c690391a86ae017a48661f851449ae9d5894e2f306abede5dfd2': LOG CORRUPTO: El archivo log_gestor_credenciales.log ha sido modificado |
2026-06-03 15:35:24: INFO     | '4c5e4868b3d22d487155e62a0573525736e5433d98ebedd1b42302e10f7823bf': GestorCredenciales inicializado correctamente |
2026-06-03 15:35:24: DEBUG    | '99bfd38680264b480c46c8f6abef48e0db8a4cfa6191dd4e045f0d9119b715e4': AUTENTICACION_EXITOSA |
2026-06-03 15:35:24: DEBUG    | '9114603424b9444d6fb1deae476f0a36c9c19d5ac125164005a5a0e0f0928cfe': AUTENTICACION_EXITOSA  |
2026-06-03 15:35:25: DEBUG    | '99bfd38680264b480c46c8f6abef48e0db8a4cfa6191dd4e045f0d9119b715e4': AUTENTICACION_EXITOSA |
2026-06-03 15:35:25: DEBUG    | '9114603424b9444d6fb1deae476f0a36c9c19d5ac125164005a5a0e0f0928cfe': AUTENTICACION_EXITOSA  |
2026-06-03 15:35:25: DEBUG    | '99bfd38680264b480c46c8f6abef48e0db8a4cfa6191dd4e045f0d9119b715e4': AUTENTICACION_EXITOSA |
2026-06-03 15:35:25: DEBUG    | '9114603424b9444d6fb1deae476f0a36c9c19d5ac125164005a5a0e0f0928cfe': AUTENTICACION_EXITOSA  |
2026-06-03 15:35:25: INFO     | '262677c44c45a42e8dd4448d8435108bf4db32b876e28ceb2249126f0b9381e6': CREDENCIAL_ANADIDA: Servicio=GitHub, Usuario=user1 |
2026-06-03 15:35:25: WARNING  | '232f7ab1274d453d8dc77980b828c47fd4598bbb1fe3376603b54a9e78344e46': LOG CORRUPTO: El archivo log_gestor_credenciales.log ha sido modificado |
2026-06-03 15:35:25: INFO     | '4c5e4868b3d22d487155e62a0573525736e5433d98ebedd1b42302e10f7823bf': GestorCredenciales inicializado correctamente |
2026-06-03 15:35:25: DEBUG    | '99bfd38680264b480c46c8f6abef48e0db8a4cfa6191dd4e045f0d9119b715e4': AUTENTICACION_EXITOSA |
2026-06-03 15:35:25: DEBUG    | '9114603424b9444d6fb1deae476f0a36c9c19d5ac125164005a5a0e0f0928cfe': AUTENTICACION_EXITOSA  |
2026-06-03 15:35:25: DEBUG    | '99bfd38680264b480c46c8f6abef48e0db8a4cfa6191dd4e045f0d9119b715e4': AUTENTICACION_EXITOSA |
2026-06-03 15:35:25: DEBUG    | '9114603424b9444d6fb1deae476f0a36c9c19d5ac125164005a5a0e0f0928cfe': AUTENTICACION_EXITOSA  |
2026-06-03 15:35:26: DEBUG    | '99bfd38680264b480c46c8f6abef48e0db8a4cfa6191dd4e045f0d9119b715e4': AUTENTICACION_EXITOSA |
2026-06-03 15:35:26: DEBUG    | '9114603424b9444d6fb1deae476f0a36c9c19d5ac125164005a5a0e0f0928cfe': AUTENTICACION_EXITOSA  |
2026-06-03 15:35:26: INFO     | '262677c44c45a42e8dd4448d8435108bf4db32b876e28ceb2249126f0b9381e6': CREDENCIAL_ANADIDA: Servicio=GitHub, Usuario=user1 |
2026-06-03 15:35:26: WARNING  | '232f7ab1274d453d8dc77980b828c47fd4598bbb1fe3376603b54a9e78344e46': LOG CORRUPTO: El archivo log_gestor_credenciales.log ha sido modificado |
2026-06-03 15:35:26: INFO     | '4c5e4868b3d22d487155e62a0573525736e5433d98ebedd1b42302e10f7823bf': GestorCredenciales inicializado correctamente |
2026-06-03 15:35:26: DEBUG    | '99bfd38680264b480c46c8f6abef48e0db8a4cfa6191dd4e045f0d9119b715e4': AUTENTICACION_EXITOSA |
2026-06-03 15:35:26: DEBUG    | '9114603424b9444d6fb1deae476f0a36c9c19d5ac125164005a5a0e0f0928cfe': AUTENTICACION_EXITOSA  |
2026-06-03 15:35:26: DEBUG    | '99bfd38680264b480c46c8f6abef48e0db8a4cfa6191dd4e045f0d9119b715e4': AUTENTICACION_EXITOSA |
2026-06-03 15:35:26: DEBUG    | '9114603424b9444d6fb1deae476f0a36c9c19d5ac125164005a5a0e0f0928cfe': AUTENTICACION_EXITOSA  |
2026-06-03 15:35:26: DEBUG    | '99bfd38680264b480c46c8f6abef48e0db8a4cfa6191dd4e045f0d9119b715e4': AUTENTICACION_EXITOSA |
2026-06-03 15:35:26: DEBUG    | '9114603424b9444d6fb1deae476f0a36c9c19d5ac125164005a5a0e0f0928cfe': AUTENTICACION_EXITOSA  |
2026-06-03 15:35:27: INFO     | '262677c44c45a42e8dd4448d8435108bf4db32b876e28ceb2249126f0b9381e6': CREDENCIAL_ANADIDA: Servicio=GitHub, Usuario=user1 |
2026-06-03 15:35:27: WARNING  | '232f7ab1274d453d8dc77980b828c47fd4598bbb1fe3376603b54a9e78344e46': LOG CORRUPTO: El archivo log_gestor_credenciales.log ha sido modificado |
2026-06-03 15:35:27: INFO     | '4c5e4868b3d22d487155e62a0573525736e5433d98ebedd1b42302e10f7823bf': GestorCredenciales inicializado correctamente |
2026-06-03 15:35:27: DEBUG    | '99bfd38680264b480c46c8f6abef48e0db8a4cfa6191dd4e045f0d9119b715e4': AUTENTICACION_EXITOSA |
2026-06-03 15:35:27: DEBUG    | '9114603424b9444d6fb1deae476f0a36c9c19d5ac125164005a5a0e0f0928cfe': AUTENTICACION_EXITOSA  |
2026-06-03 15:35:27: DEBUG    | '99bfd38680264b480c46c8f6abef48e0db8a4cfa6191dd4e045f0d9119b715e4': AUTENTICACION_EXITOSA |
2026-06-03 15:35:27: DEBUG    | '9114603424b9444d6fb1deae476f0a36c9c19d5ac125164005a5a0e0f0928cfe': AUTENTICACION_EXITOSA  |
2026-06-03 15:35:27: DEBUG    | '99bfd38680264b480c46c8f6abef48e0db8a4cfa6191dd4e045f0d9119b715e4': AUTENTICACION_EXITOSA |
2026-06-03 15:35:27: DEBUG    | '9114603424b9444d6fb1deae476f0a36c9c19d5ac125164005a5a0e0f0928cfe': AUTENTICACION_EXITOSA  |
2026-06-03 15:35:27: INFO     | '262677c44c45a42e8dd4448d8435108bf4db32b876e28ceb2249126f0b9381e6': CREDENCIAL_ANADIDA: Servicio=GitHub, Usuario=user1 |
2026-06-03 15:35:27: WARNING  | '232f7ab1274d453d8dc77980b828c47fd4598bbb1fe3376603b54a9e78344e46': LOG CORRUPTO: El archivo log_gestor_credenciales.log ha sido modificado |
2026-06-03 15:35:28: INFO     | '4c5e4868b3d22d487155e62a0573525736e5433d98ebedd1b42302e10f7823bf': GestorCredenciales inicializado correctamente |
2026-06-03 15:35:28: DEBUG    | '99bfd38680264b480c46c8f6abef48e0db8a4cfa6191dd4e045f0d9119b715e4': AUTENTICACION_EXITOSA |
2026-06-03 15:35:28: DEBUG    | '9114603424b9444d6fb1deae476f0a36c9c19d5ac125164005a5a0e0f0928cfe': AUTENTICACION_EXITOSA  |
2026-06-03 15:35:28: DEBUG    | '99bfd38680264b480c46c8f6abef48e0db8a4cfa6191dd4e045f0d9119b715e4': AUTENTICACION_EXITOSA |
2026-06-03 15:35:28: DEBUG    | '9114603424b9444d6fb1deae476f0a36c9c19d5ac125164005a5a0e0f0928cfe': AUTENTICACION_EXITOSA  |
2026-06-03 15:35:28: DEBUG    | '99bfd38680264b480c46c8f6abef48e0db8a4cfa6191dd4e045f0d9119b715e4': AUTENTICACION_EXITOSA |
2026-06-03 15:35:28: DEBUG    | '9114603424b9444d6fb1deae476f0a36c9c19d5ac125164005a5a0e0f0928cfe': AUTENTICACION_EXITOSA  |
2026-06-03 15:35:28: INFO     | '262677c44c45a42e8dd4448d8435108bf4db32b876e28ceb2249126f0b9381e6': CREDENCIAL_ANADIDA: Servicio=GitHub, Usuario=user1 |
2026-06-03 15:35:28: WARNING  | '232f7ab1274d453d8dc77980b828c47fd4598bbb1fe3376603b54a9e78344e46': LOG CORRUPTO: El archivo log_gestor_credenciales.log ha sido modificado |
2026-06-03 15:35:29: INFO     | '4c5e4868b3d22d487155e62a0573525736e5433d98ebedd1b42302e10f7823bf': GestorCredenciales inicializado correctamente |
2026-06-03 15:35:29: DEBUG    | '99bfd38680264b480c46c8f6abef48e0db8a4cfa6191dd4e045f0d9119b715e4': AUTENTICACION_EXITOSA |
2026-06-03 15:35:29: DEBUG    | '9114603424b9444d6fb1deae476f0a36c9c19d5ac125164005a5a0e0f0928cfe': AUTENTICACION_EXITOSA  |
2026-06-03 15:35:29: DEBUG    | '99bfd38680264b480c46c8f6abef48e0db8a4cfa6191dd4e045f0d9119b715e4': AUTENTICACION_EXITOSA |
2026-06-03 15:35:29: DEBUG    | '9114603424b9444d6fb1deae476f0a36c9c19d5ac125164005a5a0e0f0928cfe': AUTENTICACION_EXITOSA  |
2026-06-03 15:35:29: DEBUG    | '99bfd38680264b480c46c8f6abef48e0db8a4cfa6191dd4e045f0d9119b715e4': AUTENTICACION_EXITOSA |
2026-06-03 15:35:29: DEBUG    | '9114603424b9444d6fb1deae476f0a36c9c19d5ac125164005a5a0e0f0928cfe': AUTENTICACION_EXITOSA  |
2026-06-03 15:35:29: INFO     | '262677c44c45a42e8dd4448d8435108bf4db32b876e28ceb2249126f0b9381e6': CREDENCIAL_ANADIDA: Servicio=GitHub, Usuario=user1 |
2026-06-03 15:35:29: WARNING  | '232f7ab1274d453d8dc77980b828c47fd4598bbb1fe3376603b54a9e78344e46': LOG CORRUPTO: El archivo log_gestor_credenciales.log ha sido modificado |
2026-06-03 15:35:29: INFO     | '4c5e4868b3d22d487155e62a0573525736e5433d98ebedd1b42302e10f7823bf': GestorCredenciales inicializado correctamente |
2026-06-03 15:35:30: DEBUG    | '99bfd38680264b480c46c8f6abef48e0db8a4cfa6191dd4e045f0d9119b715e4': AUTENTICACION_EXITOSA |
2026-06-03 15:35:30: DEBUG    | '9114603424b9444d6fb1deae476f0a36c9c19d5ac125164005a5a0e0f0928cfe': AUTENTICACION_EXITOSA  |
2026-06-03 15:35:30: DEBUG    | '99bfd38680264b480c46c8f6abef48e0db8a4cfa6191dd4e045f0d9119b715e4': AUTENTICACION_EXITOSA |
2026-06-03 15:35:30: DEBUG    | '9114603424b9444d6fb1deae476f0a36c9c19d5ac125164005a5a0e0f0928cfe': AUTENTICACION_EXITOSA  |
2026-06-03 15:35:30: DEBUG    | '99bfd38680264b480c46c8f6abef48e0db8a4cfa6191dd4e045f0d9119b715e4': AUTENTICACION_EXITOSA |
2026-06-03 15:35:30: DEBUG    | '9114603424b9444d6fb1deae476f0a36c9c19d5ac125164005a5a0e0f0928cfe': AUTENTICACION_EXITOSA  |
2026-06-03 15:35:30: INFO     | '262677c44c45a42e8dd4448d8435108bf4db32b876e28ceb2249126f0b9381e6': CREDENCIAL_ANADIDA: Servicio=GitHub, Usuario=user1 |
2026-06-03 15:35:30: WARNING  | '232f7ab1274d453d8dc77980b828c47fd4598bbb1fe3376603b54a9e78344e46': LOG CORRUPTO: El archivo log_gestor_credenciales.log ha sido modificado |
2026-06-03 15:35:30: INFO     | '4c5e4868b3d22d487155e62a0573525736e5433d98ebedd1b42302e10f7823bf': GestorCredenciales inicializado correctamente |
2026-06-03 15:35:30: DEBUG    | '99bfd38680264b480c46c8f6abef48e0db8a4cfa6191dd4e045f0d9119b715e4': AUTENTICACION_EXITOSA |
2026-06-03 15:35:30: DEBUG    | '9114603424b9444d6fb1deae476f0a36c9c19d5ac125164005a5a0e0f0928cfe': AUTENTICACION_EXITOSA  |
2026-06-03 15:35:31: DEBUG    | '99bfd38680264b480c46c8f6abef48e0db8a4cfa6191dd4e045f0d9119b715e4': AUTENTICACION_EXITOSA |
2026-06-03 15:35:31: DEBUG    | '9114603424b9444d6fb1deae476f0a36c9c19d5ac125164005a5a0e0f0928cfe': AUTENTICACION_EXITOSA  |
2026-06-03 15:35:31: DEBUG    | '99bfd38680264b480c46c8f6abef48e0db8a4cfa6191dd4e045f0d9119b715e4': AUTENTICACION_EXITOSA |
2026-06-03 15:35:31: DEBUG    | '9114603424b9444d6fb1deae476f0a36c9c19d5ac125164005a5a0e0f0928cfe': AUTENTICACION_EXITOSA  |
2026-06-03 15:35:31: INFO     | '262677c44c45a42e8dd4448d8435108bf4db32b876e28ceb2249126f0b9381e6': CREDENCIAL_ANADIDA: Servicio=GitHub, Usuario=user1 |
2026-06-03 15:35:31: WARNING  | '232f7ab1274d453d8dc77980b828c47fd4598bbb1fe3376603b54a9e78344e46': LOG CORRUPTO: El archivo log_gestor_credenciales.log ha sido modificado |
2026-06-03 15:35:31: INFO     | '4c5e4868b3d22d487155e62a0573525736e5433d98ebedd1b42302e10f7823bf': GestorCredenciales inicializado correctamente |
2026-06-03 15:35:31: DEBUG    | '99bfd38680264b480c46c8f6abef48e0db8a4cfa6191dd4e045f0d9119b715e4': AUTENTICACION_EXITOSA |
2026-06-03 15:35:31: DEBUG    | '9114603424b9444d6fb1deae476f0a36c9c19d5ac125164005a5a0e0f0928cfe': AUTENTICACION_EXITOSA  |
2026-06-03 15:35:32: DEBUG    | '99bfd38680264b480c46c8f6abef48e0db8a4cfa6191dd4e045f0d9119b715e4': AUTENTICACION_EXITOSA |
2026-06-03 15:35:32: DEBUG    | '9114603424b9444d6fb1deae476f0a36c9c19d5ac125164005a5a0e0f0928cfe': AUTENTICACION_EXITOSA  |
2026-06-03 15:35:32: DEBUG    | '99bfd38680264b480c46c8f6abef48e0db8a4cfa6191dd4e045f0d9119b715e4': AUTENTICACION_EXITOSA |
2026-06-03 15:35:32: DEBUG    | '9114603424b9444d6fb1deae476f0a36c9c19d5ac125164005a5a0e0f0928cfe': AUTENTICACION_EXITOSA  |
2026-06-03 15:35:32: INFO     | '262677c44c45a42e8dd4448d8435108bf4db32b876e28ceb2249126f0b9381e6': CREDENCIAL_ANADIDA: Servicio=GitHub, Usuario=user1 |
2026-06-03 15:35:32: DEBUG    | '99bfd38680264b480c46c8f6abef48e0db8a4cfa6191dd4e045f0d9119b715e4': AUTENTICACION_EXITOSA |
2026-06-03 15:35:32: DEBUG    | '9114603424b9444d6fb1deae476f0a36c9c19d5ac125164005a5a0e0f0928cfe': AUTENTICACION_EXITOSA  |
2026-06-03 15:35:32: DEBUG    | '99bfd38680264b480c46c8f6abef48e0db8a4cfa6191dd4e045f0d9119b715e4': AUTENTICACION_EXITOSA |
2026-06-03 15:35:32: DEBUG    | '9114603424b9444d6fb1deae476f0a36c9c19d5ac125164005a5a0e0f0928cfe': AUTENTICACION_EXITOSA  |
2026-06-03 15:35:32: DEBUG    | '99bfd38680264b480c46c8f6abef48e0db8a4cfa6191dd4e045f0d9119b715e4': AUTENTICACION_EXITOSA |
2026-06-03 15:35:32: DEBUG    | '9114603424b9444d6fb1deae476f0a36c9c19d5ac125164005a5a0e0f0928cfe': AUTENTICACION_EXITOSA  |
2026-06-03 15:35:32: WARNING  | '62235fe0f8b7c690391a86ae017a48661f851449ae9d5894e2f306abede5dfd2': LOG CORRUPTO: El archivo log_gestor_credenciales.log ha sido modificado |
2026-06-03 15:35:33: INFO     | '4c5e4868b3d22d487155e62a0573525736e5433d98ebedd1b42302e10f7823bf': GestorCredenciales inicializado correctamente |
2026-06-03 15:35:33: WARNING  | 'c487203c0e72664882a67dc59dfeefd77d5ecdd1573512d452806ade94aa2978': LOG CORRUPTO: El archivo log_gestor_credenciales.log ha sido modificado |
2026-06-03 15:35:33: INFO     | '4c5e4868b3d22d487155e62a0573525736e5433d98ebedd1b42302e10f7823bf': GestorCredenciales inicializado correctamente |
2026-06-03 15:35:33: DEBUG    | '99bfd38680264b480c46c8f6abef48e0db8a4cfa6191dd4e045f0d9119b715e4': AUTENTICACION_EXITOSA |
2026-06-03 15:35:33: DEBUG    | '9114603424b9444d6fb1deae476f0a36c9c19d5ac125164005a5a0e0f0928cfe': AUTENTICACION_EXITOSA  |
2026-06-03 15:35:33: DEBUG    | '99bfd38680264b480c46c8f6abef48e0db8a4cfa6191dd4e045f0d9119b715e4': AUTENTICACION_EXITOSA |
2026-06-03 15:35:33: DEBUG    | '9114603424b9444d6fb1deae476f0a36c9c19d5ac125164005a5a0e0f0928cfe': AUTENTICACION_EXITOSA  |
2026-06-03 15:35:33: DEBUG    | '99bfd38680264b480c46c8f6abef48e0db8a4cfa6191dd4e045f0d9119b715e4': AUTENTICACION_EXITOSA |
2026-06-03 15:35:33: DEBUG    | '9114603424b9444d6fb1deae476f0a36c9c19d5ac125164005a5a0e0f0928cfe': AUTENTICACION_EXITOSA  |
2026-06-03 15:35:33: INFO     | '262677c44c45a42e8dd4448d8435108bf4db32b876e28ceb2249126f0b9381e6': CREDENCIAL_ANADIDA: Servicio=GitHub, Usuario=user1 |
2026-06-03 15:35:34: DEBUG    | '99bfd38680264b480c46c8f6abef48e0db8a4cfa6191dd4e045f0d9119b715e4': AUTENTICACION_EXITOSA |
2026-06-03 15:35:34: DEBUG    | '9114603424b9444d6fb1deae476f0a36c9c19d5ac125164005a5a0e0f0928cfe': AUTENTICACION_EXITOSA  |
2026-06-03 15:35:34: WARNING  | '62235fe0f8b7c690391a86ae017a48661f851449ae9d5894e2f306abede5dfd2': LOG CORRUPTO: El archivo log_gestor_credenciales.log ha sido modificado |
2026-06-03 15:35:34: INFO     | '4c5e4868b3d22d487155e62a0573525736e5433d98ebedd1b42302e10f7823bf': GestorCredenciales inicializado correctamente |
2026-06-03 15:35:34: WARNING  | 'c487203c0e72664882a67dc59dfeefd77d5ecdd1573512d452806ade94aa2978': LOG CORRUPTO: El archivo log_gestor_credenciales.log ha sido modificado |
2026-06-03 15:35:34: INFO     | '4c5e4868b3d22d487155e62a0573525736e5433d98ebedd1b42302e10f7823bf': GestorCredenciales inicializado correctamente |
2026-06-03 15:35:34: DEBUG    | '99bfd38680264b480c46c8f6abef48e0db8a4cfa6191dd4e045f0d9119b715e4': AUTENTICACION_EXITOSA |
2026-06-03 15:35:34: DEBUG    | '9114603424b9444d6fb1deae476f0a36c9c19d5ac125164005a5a0e0f0928cfe': AUTENTICACION_EXITOSA  |
2026-06-03 15:35:34: DEBUG    | '99bfd38680264b480c46c8f6abef48e0db8a4cfa6191dd4e045f0d9119b715e4': AUTENTICACION_EXITOSA |
2026-06-03 15:35:34: DEBUG    | '9114603424b9444d6fb1deae476f0a36c9c19d5ac125164005a5a0e0f0928cfe': AUTENTICACION_EXITOSA  |
2026-06-03 15:35:35: DEBUG    | '99bfd38680264b480c46c8f6abef48e0db8a4cfa6191dd4e045f0d9119b715e4': AUTENTICACION_EXITOSA |
2026-06-03 15:35:35: DEBUG    | '9114603424b9444d6fb1deae476f0a36c9c19d5ac125164005a5a0e0f0928cfe': AUTENTICACION_EXITOSA  |
2026-06-03 15:35:35: INFO     | '262677c44c45a42e8dd4448d8435108bf4db32b876e28ceb2249126f0b9381e6': CREDENCIAL_ANADIDA: Servicio=GitHub, Usuario=user1 |
2026-06-03 15:35:35: DEBUG    | '99bfd38680264b480c46c8f6abef48e0db8a4cfa6191dd4e045f0d9119b715e4': AUTENTICACION_EXITOSA |
2026-06-03 15:35:35: DEBUG    | '9114603424b9444d6fb1deae476f0a36c9c19d5ac125164005a5a0e0f0928cfe': AUTENTICACION_EXITOSA  |
2026-06-03 15:35:35: DEBUG    | '99bfd38680264b480c46c8f6abef48e0db8a4cfa6191dd4e045f0d9119b715e4': AUTENTICACION_EXITOSA |
2026-06-03 15:35:35: DEBUG    | '9114603424b9444d6fb1deae476f0a36c9c19d5ac125164005a5a0e0f0928cfe': AUTENTICACION_EXITOSA  |
2026-06-03 15:35:35: DEBUG    | '99bfd38680264b480c46c8f6abef48e0db8a4cfa6191dd4e045f0d9119b715e4': AUTENTICACION_EXITOSA |
2026-06-03 15:35:35: DEBUG    | '9114603424b9444d6fb1deae476f0a36c9c19d5ac125164005a5a0e0f0928cfe': AUTENTICACION_EXITOSA  |
2026-06-03 15:35:35: INFO     | '2b6a32f9eb42e5a08f1d540bdfc0eb267bc76426e4e3b2dab38f48b21226fc80': CREDENCIAL_ANADIDA: Servicio=Eduroam, Usuario=user2 |
2026-06-03 15:35:36: DEBUG    | '99bfd38680264b480c46c8f6abef48e0db8a4cfa6191dd4e045f0d9119b715e4': AUTENTICACION_EXITOSA |
2026-06-03 15:35:36: DEBUG    | '9114603424b9444d6fb1deae476f0a36c9c19d5ac125164005a5a0e0f0928cfe': AUTENTICACION_EXITOSA  |
2026-06-03 15:35:36: DEBUG    | '99bfd38680264b480c46c8f6abef48e0db8a4cfa6191dd4e045f0d9119b715e4': AUTENTICACION_EXITOSA |
2026-06-03 15:35:36: DEBUG    | '9114603424b9444d6fb1deae476f0a36c9c19d5ac125164005a5a0e0f0928cfe': AUTENTICACION_EXITOSA  |
2026-06-03 15:35:36: INFO     | 'e4551b83bae25796b72616a81b5f5e6fc272609553171f986072e1c3d3e53c48': CREDENCIAL_ANADIDA: Servicio=GitHub, Usuario=user3 |
2026-06-03 15:35:36: DEBUG    | '99bfd38680264b480c46c8f6abef48e0db8a4cfa6191dd4e045f0d9119b715e4': AUTENTICACION_EXITOSA |
2026-06-03 15:35:36: DEBUG    | '9114603424b9444d6fb1deae476f0a36c9c19d5ac125164005a5a0e0f0928cfe': AUTENTICACION_EXITOSA  |
2026-06-03 15:35:36: WARNING  | '62235fe0f8b7c690391a86ae017a48661f851449ae9d5894e2f306abede5dfd2': LOG CORRUPTO: El archivo log_gestor_credenciales.log ha sido modificado |
2026-06-03 15:35:36: INFO     | '4c5e4868b3d22d487155e62a0573525736e5433d98ebedd1b42302e10f7823bf': GestorCredenciales inicializado correctamente |
2026-06-03 15:35:36: DEBUG    | '99bfd38680264b480c46c8f6abef48e0db8a4cfa6191dd4e045f0d9119b715e4': AUTENTICACION_EXITOSA |
2026-06-03 15:35:36: DEBUG    | '9114603424b9444d6fb1deae476f0a36c9c19d5ac125164005a5a0e0f0928cfe': AUTENTICACION_EXITOSA  |
2026-06-03 15:35:37: DEBUG    | '99bfd38680264b480c46c8f6abef48e0db8a4cfa6191dd4e045f0d9119b715e4': AUTENTICACION_EXITOSA |
2026-06-03 15:35:37: DEBUG    | '9114603424b9444d6fb1deae476f0a36c9c19d5ac125164005a5a0e0f0928cfe': AUTENTICACION_EXITOSA  |
2026-06-03 15:35:37: DEBUG    | '99bfd38680264b480c46c8f6abef48e0db8a4cfa6191dd4e045f0d9119b715e4': AUTENTICACION_EXITOSA |
2026-06-03 15:35:37: DEBUG    | '9114603424b9444d6fb1deae476f0a36c9c19d5ac125164005a5a0e0f0928cfe': AUTENTICACION_EXITOSA  |
2026-06-03 15:35:37: INFO     | '262677c44c45a42e8dd4448d8435108bf4db32b876e28ceb2249126f0b9381e6': CREDENCIAL_ANADIDA: Servicio=GitHub, Usuario=user1 |
2026-06-03 15:35:37: DEBUG    | '99bfd38680264b480c46c8f6abef48e0db8a4cfa6191dd4e045f0d9119b715e4': AUTENTICACION_EXITOSA |
2026-06-03 15:35:37: DEBUG    | '9114603424b9444d6fb1deae476f0a36c9c19d5ac125164005a5a0e0f0928cfe': AUTENTICACION_EXITOSA  |
2026-06-03 15:35:37: DEBUG    | '99bfd38680264b480c46c8f6abef48e0db8a4cfa6191dd4e045f0d9119b715e4': AUTENTICACION_EXITOSA |
2026-06-03 15:35:37: DEBUG    | '9114603424b9444d6fb1deae476f0a36c9c19d5ac125164005a5a0e0f0928cfe': AUTENTICACION_EXITOSA  |
2026-06-03 15:35:37: DEBUG    | '99bfd38680264b480c46c8f6abef48e0db8a4cfa6191dd4e045f0d9119b715e4': AUTENTICACION_EXITOSA |
2026-06-03 15:35:37: DEBUG    | '9114603424b9444d6fb1deae476f0a36c9c19d5ac125164005a5a0e0f0928cfe': AUTENTICACION_EXITOSA  |
2026-06-03 15:35:38: INFO     | '2b6a32f9eb42e5a08f1d540bdfc0eb267bc76426e4e3b2dab38f48b21226fc80': CREDENCIAL_ANADIDA: Servicio=Eduroam, Usuario=user2 |
2026-06-03 15:35:38: DEBUG    | '99bfd38680264b480c46c8f6abef48e0db8a4cfa6191dd4e045f0d9119b715e4': AUTENTICACION_EXITOSA |
2026-06-03 15:35:38: DEBUG    | '9114603424b9444d6fb1deae476f0a36c9c19d5ac125164005a5a0e0f0928cfe': AUTENTICACION_EXITOSA  |
2026-06-03 15:35:38: DEBUG    | '99bfd38680264b480c46c8f6abef48e0db8a4cfa6191dd4e045f0d9119b715e4': AUTENTICACION_EXITOSA |
2026-06-03 15:35:38: DEBUG    | '9114603424b9444d6fb1deae476f0a36c9c19d5ac125164005a5a0e0f0928cfe': AUTENTICACION_EXITOSA  |
2026-06-03 15:35:38: INFO     | 'e4551b83bae25796b72616a81b5f5e6fc272609553171f986072e1c3d3e53c48': CREDENCIAL_ANADIDA: Servicio=GitHub, Usuario=user3 |
2026-06-03 15:35:38: DEBUG    | '99bfd38680264b480c46c8f6abef48e0db8a4cfa6191dd4e045f0d9119b715e4': AUTENTICACION_EXITOSA |
2026-06-03 15:35:38: DEBUG    | '9114603424b9444d6fb1deae476f0a36c9c19d5ac125164005a5a0e0f0928cfe': AUTENTICACION_EXITOSA  |
2026-06-03 15:35:38: DEBUG    | '99bfd38680264b480c46c8f6abef48e0db8a4cfa6191dd4e045f0d9119b715e4': AUTENTICACION_EXITOSA |
2026-06-03 15:35:38: DEBUG    | '9114603424b9444d6fb1deae476f0a36c9c19d5ac125164005a5a0e0f0928cfe': AUTENTICACION_EXITOSA  |
2026-06-03 15:35:39: DEBUG    | '99bfd38680264b480c46c8f6abef48e0db8a4cfa6191dd4e045f0d9119b715e4': AUTENTICACION_EXITOSA |
2026-06-03 15:35:39: DEBUG    | '9114603424b9444d6fb1deae476f0a36c9c19d5ac125164005a5a0e0f0928cfe': AUTENTICACION_EXITOSA  |
2026-06-03 15:35:39: DEBUG    | '99bfd38680264b480c46c8f6abef48e0db8a4cfa6191dd4e045f0d9119b715e4': AUTENTICACION_EXITOSA |
2026-06-03 15:35:39: DEBUG    | '9114603424b9444d6fb1deae476f0a36c9c19d5ac125164005a5a0e0f0928cfe': AUTENTICACION_EXITOSA  |
2026-06-03 15:35:39: DEBUG    | '99bfd38680264b480c46c8f6abef48e0db8a4cfa6191dd4e045f0d9119b715e4': AUTENTICACION_EXITOSA |
2026-06-03 15:35:39: DEBUG    | '9114603424b9444d6fb1deae476f0a36c9c19d5ac125164005a5a0e0f0928cfe': AUTENTICACION_EXITOSA  |
2026-06-03 15:35:39: DEBUG    | '99bfd38680264b480c46c8f6abef48e0db8a4cfa6191dd4e045f0d9119b715e4': AUTENTICACION_EXITOSA |
2026-06-03 15:35:39: DEBUG    | '9114603424b9444d6fb1deae476f0a36c9c19d5ac125164005a5a0e0f0928cfe': AUTENTICACION_EXITOSA  |
2026-06-03 15:35:39: DEBUG    | '99bfd38680264b480c46c8f6abef48e0db8a4cfa6191dd4e045f0d9119b715e4': AUTENTICACION_EXITOSA |
2026-06-03 15:35:39: DEBUG    | '9114603424b9444d6fb1deae476f0a36c9c19d5ac125164005a5a0e0f0928cfe': AUTENTICACION_EXITOSA  |
2026-06-03 15:35:39: WARNING  | '62235fe0f8b7c690391a86ae017a48661f851449ae9d5894e2f306abede5dfd2': LOG CORRUPTO: El archivo log_gestor_credenciales.log ha sido modificado |
2026-06-03 15:35:39: INFO     | '4c5e4868b3d22d487155e62a0573525736e5433d98ebedd1b42302e10f7823bf': GestorCredenciales inicializado correctamente |
2026-06-03 15:35:40: WARNING  | 'c487203c0e72664882a67dc59dfeefd77d5ecdd1573512d452806ade94aa2978': LOG CORRUPTO: El archivo log_gestor_credenciales.log ha sido modificado |
2026-06-03 15:35:40: INFO     | '4c5e4868b3d22d487155e62a0573525736e5433d98ebedd1b42302e10f7823bf': GestorCredenciales inicializado correctamente |
2026-06-03 15:35:40: DEBUG    | '99bfd38680264b480c46c8f6abef48e0db8a4cfa6191dd4e045f0d9119b715e4': AUTENTICACION_EXITOSA |
2026-06-03 15:35:40: DEBUG    | '9114603424b9444d6fb1deae476f0a36c9c19d5ac125164005a5a0e0f0928cfe': AUTENTICACION_EXITOSA  |
2026-06-03 15:35:40: DEBUG    | '99bfd38680264b480c46c8f6abef48e0db8a4cfa6191dd4e045f0d9119b715e4': AUTENTICACION_EXITOSA |
2026-06-03 15:35:40: DEBUG    | '9114603424b9444d6fb1deae476f0a36c9c19d5ac125164005a5a0e0f0928cfe': AUTENTICACION_EXITOSA  |
2026-06-03 15:35:40: DEBUG    | '99bfd38680264b480c46c8f6abef48e0db8a4cfa6191dd4e045f0d9119b715e4': AUTENTICACION_EXITOSA |
2026-06-03 15:35:40: DEBUG    | '9114603424b9444d6fb1deae476f0a36c9c19d5ac125164005a5a0e0f0928cfe': AUTENTICACION_EXITOSA  |
2026-06-03 15:35:40: INFO     | '262677c44c45a42e8dd4448d8435108bf4db32b876e28ceb2249126f0b9381e6': CREDENCIAL_ANADIDA: Servicio=GitHub, Usuario=user1 |
2026-06-03 15:35:41: DEBUG    | '99bfd38680264b480c46c8f6abef48e0db8a4cfa6191dd4e045f0d9119b715e4': AUTENTICACION_EXITOSA |
2026-06-03 15:35:41: DEBUG    | '9114603424b9444d6fb1deae476f0a36c9c19d5ac125164005a5a0e0f0928cfe': AUTENTICACION_EXITOSA  |
2026-06-03 15:35:41: DEBUG    | '99bfd38680264b480c46c8f6abef48e0db8a4cfa6191dd4e045f0d9119b715e4': AUTENTICACION_EXITOSA |
2026-06-03 15:35:41: DEBUG    | '9114603424b9444d6fb1deae476f0a36c9c19d5ac125164005a5a0e0f0928cfe': AUTENTICACION_EXITOSA  |
2026-06-03 15:35:41: DEBUG    | '99bfd38680264b480c46c8f6abef48e0db8a4cfa6191dd4e045f0d9119b715e4': AUTENTICACION_EXITOSA |
2026-06-03 15:35:41: DEBUG    | '9114603424b9444d6fb1deae476f0a36c9c19d5ac125164005a5a0e0f0928cfe': AUTENTICACION_EXITOSA  |
2026-06-03 15:35:41: INFO     | '2b6a32f9eb42e5a08f1d540bdfc0eb267bc76426e4e3b2dab38f48b21226fc80': CREDENCIAL_ANADIDA: Servicio=Eduroam, Usuario=user2 |
2026-06-03 15:35:41: DEBUG    | '99bfd38680264b480c46c8f6abef48e0db8a4cfa6191dd4e045f0d9119b715e4': AUTENTICACION_EXITOSA |
2026-06-03 15:35:41: DEBUG    | '9114603424b9444d6fb1deae476f0a36c9c19d5ac125164005a5a0e0f0928cfe': AUTENTICACION_EXITOSA  |
2026-06-03 15:35:41: DEBUG    | '99bfd38680264b480c46c8f6abef48e0db8a4cfa6191dd4e045f0d9119b715e4': AUTENTICACION_EXITOSA |
2026-06-03 15:35:41: DEBUG    | '9114603424b9444d6fb1deae476f0a36c9c19d5ac125164005a5a0e0f0928cfe': AUTENTICACION_EXITOSA  |
2026-06-03 15:35:42: INFO     | 'e4551b83bae25796b72616a81b5f5e6fc272609553171f986072e1c3d3e53c48': CREDENCIAL_ANADIDA: Servicio=GitHub, Usuario=user3 |
2026-06-03 15:35:42: DEBUG    | '99bfd38680264b480c46c8f6abef48e0db8a4cfa6191dd4e045f0d9119b715e4': AUTENTICACION_EXITOSA |
2026-06-03 15:35:42: DEBUG    | '9114603424b9444d6fb1deae476f0a36c9c19d5ac125164005a5a0e0f0928cfe': AUTENTICACION_EXITOSA  |
2026-06-03 15:35:42: DEBUG    | '99bfd38680264b480c46c8f6abef48e0db8a4cfa6191dd4e045f0d9119b715e4': AUTENTICACION_EXITOSA |
2026-06-03 15:35:42: DEBUG    | '9114603424b9444d6fb1deae476f0a36c9c19d5ac125164005a5a0e0f0928cfe': AUTENTICACION_EXITOSA  |
2026-06-03 15:35:42: DEBUG    | '99bfd38680264b480c46c8f6abef48e0db8a4cfa6191dd4e045f0d9119b715e4': AUTENTICACION_EXITOSA |
2026-06-03 15:35:42: DEBUG    | '9114603424b9444d6fb1deae476f0a36c9c19d5ac125164005a5a0e0f0928cfe': AUTENTICACION_EXITOSA  |
2026-06-03 15:35:42: WARNING  | '62235fe0f8b7c690391a86ae017a48661f851449ae9d5894e2f306abede5dfd2': LOG CORRUPTO: El archivo log_gestor_credenciales.log ha sido modificado |
2026-06-03 15:35:42: INFO     | '4c5e4868b3d22d487155e62a0573525736e5433d98ebedd1b42302e10f7823bf': GestorCredenciales inicializado correctamente |
2026-06-03 15:35:42: DEBUG    | '99bfd38680264b480c46c8f6abef48e0db8a4cfa6191dd4e045f0d9119b715e4': AUTENTICACION_EXITOSA |
2026-06-03 15:35:42: DEBUG    | '9114603424b9444d6fb1deae476f0a36c9c19d5ac125164005a5a0e0f0928cfe': AUTENTICACION_EXITOSA  |
2026-06-03 15:35:42: WARNING  | '62235fe0f8b7c690391a86ae017a48661f851449ae9d5894e2f306abede5dfd2': LOG CORRUPTO: El archivo log_gestor_credenciales.log ha sido modificado |
2026-06-03 15:35:43: INFO     | '4c5e4868b3d22d487155e62a0573525736e5433d98ebedd1b42302e10f7823bf': GestorCredenciales inicializado correctamente |
2026-06-03 15:35:43: DEBUG    | '99bfd38680264b480c46c8f6abef48e0db8a4cfa6191dd4e045f0d9119b715e4': AUTENTICACION_EXITOSA |
2026-06-03 15:35:43: DEBUG    | '9114603424b9444d6fb1deae476f0a36c9c19d5ac125164005a5a0e0f0928cfe': AUTENTICACION_EXITOSA  |
2026-06-03 15:35:43: DEBUG    | '99bfd38680264b480c46c8f6abef48e0db8a4cfa6191dd4e045f0d9119b715e4': AUTENTICACION_EXITOSA |
2026-06-03 15:35:43: DEBUG    | '9114603424b9444d6fb1deae476f0a36c9c19d5ac125164005a5a0e0f0928cfe': AUTENTICACION_EXITOSA  |
2026-06-03 15:35:43: DEBUG    | '99bfd38680264b480c46c8f6abef48e0db8a4cfa6191dd4e045f0d9119b715e4': AUTENTICACION_EXITOSA |
2026-06-03 15:35:43: DEBUG    | '9114603424b9444d6fb1deae476f0a36c9c19d5ac125164005a5a0e0f0928cfe': AUTENTICACION_EXITOSA  |
2026-06-03 15:35:43: INFO     | 'd778079ec1cb2c198b5a254b9e0fa0d4fdcd2754a485465d0eca2eff5aff36e6': CREDENCIAL_ANADIDA: Servicio=GitHub, Usuario=usuario1 |
2026-06-03 15:35:43: DEBUG    | '99bfd38680264b480c46c8f6abef48e0db8a4cfa6191dd4e045f0d9119b715e4': AUTENTICACION_EXITOSA |
2026-06-03 15:35:43: DEBUG    | '9114603424b9444d6fb1deae476f0a36c9c19d5ac125164005a5a0e0f0928cfe': AUTENTICACION_EXITOSA  |
2026-06-03 15:35:44: DEBUG    | '99bfd38680264b480c46c8f6abef48e0db8a4cfa6191dd4e045f0d9119b715e4': AUTENTICACION_EXITOSA |
2026-06-03 15:35:44: DEBUG    | '9114603424b9444d6fb1deae476f0a36c9c19d5ac125164005a5a0e0f0928cfe': AUTENTICACION_EXITOSA  |
2026-06-03 15:35:44: DEBUG    | '99bfd38680264b480c46c8f6abef48e0db8a4cfa6191dd4e045f0d9119b715e4': AUTENTICACION_EXITOSA |
2026-06-03 15:35:44: DEBUG    | '9114603424b9444d6fb1deae476f0a36c9c19d5ac125164005a5a0e0f0928cfe': AUTENTICACION_EXITOSA  |
2026-06-03 15:35:44: INFO     | 'a22a8a904d226ac16ac25419d9a0704f9dfef0e35df486be17891ed7e8d0a1ca': CREDENCIAL_ANADIDA: Servicio=Eduroam, Usuario=usuario2 |
2026-06-03 15:35:44: DEBUG    | '99bfd38680264b480c46c8f6abef48e0db8a4cfa6191dd4e045f0d9119b715e4': AUTENTICACION_EXITOSA |
2026-06-03 15:35:44: DEBUG    | '9114603424b9444d6fb1deae476f0a36c9c19d5ac125164005a5a0e0f0928cfe': AUTENTICACION_EXITOSA  |
2026-06-03 15:35:44: DEBUG    | '99bfd38680264b480c46c8f6abef48e0db8a4cfa6191dd4e045f0d9119b715e4': AUTENTICACION_EXITOSA |
2026-06-03 15:35:44: DEBUG    | '9114603424b9444d6fb1deae476f0a36c9c19d5ac125164005a5a0e0f0928cfe': AUTENTICACION_EXITOSA  |
2026-06-03 15:35:44: INFO     | 'e660a890445806ac835ead55174f67358c7ea82afd6bea47fe5c69df0884eea0': CREDENCIAL_ANADIDA: Servicio=GitHub, Usuario=usuario3 |
2026-06-03 15:35:45: DEBUG    | '99bfd38680264b480c46c8f6abef48e0db8a4cfa6191dd4e045f0d9119b715e4': AUTENTICACION_EXITOSA |
2026-06-03 15:35:45: DEBUG    | '9114603424b9444d6fb1deae476f0a36c9c19d5ac125164005a5a0e0f0928cfe': AUTENTICACION_EXITOSA  |
2026-06-03 15:35:45: WARNING  | '62235fe0f8b7c690391a86ae017a48661f851449ae9d5894e2f306abede5dfd2': LOG CORRUPTO: El archivo log_gestor_credenciales.log ha sido modificado |
2026-06-03 15:35:45: INFO     | '4c5e4868b3d22d487155e62a0573525736e5433d98ebedd1b42302e10f7823bf': GestorCredenciales inicializado correctamente |
2026-06-03 15:35:45: DEBUG    | '99bfd38680264b480c46c8f6abef48e0db8a4cfa6191dd4e045f0d9119b715e4': AUTENTICACION_EXITOSA |
2026-06-03 15:35:45: DEBUG    | '9114603424b9444d6fb1deae476f0a36c9c19d5ac125164005a5a0e0f0928cfe': AUTENTICACION_EXITOSA  |
2026-06-03 15:35:45: DEBUG    | '99bfd38680264b480c46c8f6abef48e0db8a4cfa6191dd4e045f0d9119b715e4': AUTENTICACION_EXITOSA |
2026-06-03 15:35:45: DEBUG    | '9114603424b9444d6fb1deae476f0a36c9c19d5ac125164005a5a0e0f0928cfe': AUTENTICACION_EXITOSA  |
2026-06-03 15:35:45: DEBUG    | '99bfd38680264b480c46c8f6abef48e0db8a4cfa6191dd4e045f0d9119b715e4': AUTENTICACION_EXITOSA |
2026-06-03 15:35:45: DEBUG    | '9114603424b9444d6fb1deae476f0a36c9c19d5ac125164005a5a0e0f0928cfe': AUTENTICACION_EXITOSA  |
2026-06-03 15:35:45: INFO     | 'd778079ec1cb2c198b5a254b9e0fa0d4fdcd2754a485465d0eca2eff5aff36e6': CREDENCIAL_ANADIDA: Servicio=GitHub, Usuario=usuario1 |
2026-06-03 15:35:46: DEBUG    | '99bfd38680264b480c46c8f6abef48e0db8a4cfa6191dd4e045f0d9119b715e4': AUTENTICACION_EXITOSA |
2026-06-03 15:35:46: DEBUG    | '9114603424b9444d6fb1deae476f0a36c9c19d5ac125164005a5a0e0f0928cfe': AUTENTICACION_EXITOSA  |
2026-06-03 15:35:46: DEBUG    | '99bfd38680264b480c46c8f6abef48e0db8a4cfa6191dd4e045f0d9119b715e4': AUTENTICACION_EXITOSA |
2026-06-03 15:35:46: DEBUG    | '9114603424b9444d6fb1deae476f0a36c9c19d5ac125164005a5a0e0f0928cfe': AUTENTICACION_EXITOSA  |
2026-06-03 15:35:46: INFO     | 'e660a890445806ac835ead55174f67358c7ea82afd6bea47fe5c69df0884eea0': CREDENCIAL_ANADIDA: Servicio=GitHub, Usuario=usuario3 |
2026-06-03 15:35:46: DEBUG    | '99bfd38680264b480c46c8f6abef48e0db8a4cfa6191dd4e045f0d9119b715e4': AUTENTICACION_EXITOSA |
2026-06-03 15:35:46: DEBUG    | '9114603424b9444d6fb1deae476f0a36c9c19d5ac125164005a5a0e0f0928cfe': AUTENTICACION_EXITOSA  |
2026-06-03 15:35:46: DEBUG    | '99bfd38680264b480c46c8f6abef48e0db8a4cfa6191dd4e045f0d9119b715e4': AUTENTICACION_EXITOSA |
2026-06-03 15:35:46: DEBUG    | '9114603424b9444d6fb1deae476f0a36c9c19d5ac125164005a5a0e0f0928cfe': AUTENTICACION_EXITOSA  |
2026-06-03 15:35:46: DEBUG    | '99bfd38680264b480c46c8f6abef48e0db8a4cfa6191dd4e045f0d9119b715e4': AUTENTICACION_EXITOSA |
2026-06-03 15:35:46: DEBUG    | '9114603424b9444d6fb1deae476f0a36c9c19d5ac125164005a5a0e0f0928cfe': AUTENTICACION_EXITOSA  |
2026-06-03 15:35:47: DEBUG    | '99bfd38680264b480c46c8f6abef48e0db8a4cfa6191dd4e045f0d9119b715e4': AUTENTICACION_EXITOSA |
2026-06-03 15:35:47: DEBUG    | '9114603424b9444d6fb1deae476f0a36c9c19d5ac125164005a5a0e0f0928cfe': AUTENTICACION_EXITOSA  |
2026-06-03 15:35:47: DEBUG    | '99bfd38680264b480c46c8f6abef48e0db8a4cfa6191dd4e045f0d9119b715e4': AUTENTICACION_EXITOSA |
2026-06-03 15:35:47: DEBUG    | '9114603424b9444d6fb1deae476f0a36c9c19d5ac125164005a5a0e0f0928cfe': AUTENTICACION_EXITOSA  |
2026-06-03 15:35:47: WARNING  | '62235fe0f8b7c690391a86ae017a48661f851449ae9d5894e2f306abede5dfd2': LOG CORRUPTO: El archivo log_gestor_credenciales.log ha sido modificado |
2026-06-03 15:35:47: INFO     | '4c5e4868b3d22d487155e62a0573525736e5433d98ebedd1b42302e10f7823bf': GestorCredenciales inicializado correctamente |
2026-06-03 15:35:47: DEBUG    | '99bfd38680264b480c46c8f6abef48e0db8a4cfa6191dd4e045f0d9119b715e4': AUTENTICACION_EXITOSA |
2026-06-03 15:35:47: DEBUG    | '9114603424b9444d6fb1deae476f0a36c9c19d5ac125164005a5a0e0f0928cfe': AUTENTICACION_EXITOSA  |
2026-06-03 15:35:47: DEBUG    | '99bfd38680264b480c46c8f6abef48e0db8a4cfa6191dd4e045f0d9119b715e4': AUTENTICACION_EXITOSA |
2026-06-03 15:35:47: DEBUG    | '9114603424b9444d6fb1deae476f0a36c9c19d5ac125164005a5a0e0f0928cfe': AUTENTICACION_EXITOSA  |
2026-06-03 15:35:47: DEBUG    | '99bfd38680264b480c46c8f6abef48e0db8a4cfa6191dd4e045f0d9119b715e4': AUTENTICACION_EXITOSA |
2026-06-03 15:35:47: DEBUG    | '9114603424b9444d6fb1deae476f0a36c9c19d5ac125164005a5a0e0f0928cfe': AUTENTICACION_EXITOSA  |
2026-06-03 15:35:48: INFO     | 'd778079ec1cb2c198b5a254b9e0fa0d4fdcd2754a485465d0eca2eff5aff36e6': CREDENCIAL_ANADIDA: Servicio=GitHub, Usuario=usuario1 |
2026-06-03 15:35:48: DEBUG    | '99bfd38680264b480c46c8f6abef48e0db8a4cfa6191dd4e045f0d9119b715e4': AUTENTICACION_EXITOSA |
2026-06-03 15:35:48: DEBUG    | '9114603424b9444d6fb1deae476f0a36c9c19d5ac125164005a5a0e0f0928cfe': AUTENTICACION_EXITOSA  |
2026-06-03 15:35:48: DEBUG    | '99bfd38680264b480c46c8f6abef48e0db8a4cfa6191dd4e045f0d9119b715e4': AUTENTICACION_EXITOSA |
2026-06-03 15:35:48: DEBUG    | '9114603424b9444d6fb1deae476f0a36c9c19d5ac125164005a5a0e0f0928cfe': AUTENTICACION_EXITOSA  |
2026-06-03 15:35:48: DEBUG    | '99bfd38680264b480c46c8f6abef48e0db8a4cfa6191dd4e045f0d9119b715e4': AUTENTICACION_EXITOSA |
2026-06-03 15:35:48: DEBUG    | '9114603424b9444d6fb1deae476f0a36c9c19d5ac125164005a5a0e0f0928cfe': AUTENTICACION_EXITOSA  |
2026-06-03 15:35:48: INFO     | 'a22a8a904d226ac16ac25419d9a0704f9dfef0e35df486be17891ed7e8d0a1ca': CREDENCIAL_ANADIDA: Servicio=Eduroam, Usuario=usuario2 |
2026-06-03 15:35:48: DEBUG    | '99bfd38680264b480c46c8f6abef48e0db8a4cfa6191dd4e045f0d9119b715e4': AUTENTICACION_EXITOSA |
2026-06-03 15:35:48: DEBUG    | '9114603424b9444d6fb1deae476f0a36c9c19d5ac125164005a5a0e0f0928cfe': AUTENTICACION_EXITOSA  |
2026-06-03 15:35:49: DEBUG    | '99bfd38680264b480c46c8f6abef48e0db8a4cfa6191dd4e045f0d9119b715e4': AUTENTICACION_EXITOSA |
2026-06-03 15:35:49: DEBUG    | '9114603424b9444d6fb1deae476f0a36c9c19d5ac125164005a5a0e0f0928cfe': AUTENTICACION_EXITOSA  |
2026-06-03 15:35:49: INFO     | 'e660a890445806ac835ead55174f67358c7ea82afd6bea47fe5c69df0884eea0': CREDENCIAL_ANADIDA: Servicio=GitHub, Usuario=usuario3 |
2026-06-03 15:35:49: DEBUG    | '99bfd38680264b480c46c8f6abef48e0db8a4cfa6191dd4e045f0d9119b715e4': AUTENTICACION_EXITOSA |
2026-06-03 15:35:49: DEBUG    | '9114603424b9444d6fb1deae476f0a36c9c19d5ac125164005a5a0e0f0928cfe': AUTENTICACION_EXITOSA  |
2026-06-03 15:35:49: DEBUG    | '99bfd38680264b480c46c8f6abef48e0db8a4cfa6191dd4e045f0d9119b715e4': AUTENTICACION_EXITOSA |
2026-06-03 15:35:49: DEBUG    | '9114603424b9444d6fb1deae476f0a36c9c19d5ac125164005a5a0e0f0928cfe': AUTENTICACION_EXITOSA  |
2026-06-03 15:35:49: DEBUG    | '99bfd38680264b480c46c8f6abef48e0db8a4cfa6191dd4e045f0d9119b715e4': AUTENTICACION_EXITOSA |
2026-06-03 15:35:49: DEBUG    | '9114603424b9444d6fb1deae476f0a36c9c19d5ac125164005a5a0e0f0928cfe': AUTENTICACION_EXITOSA  |
2026-06-03 15:35:49: WARNING  | '62235fe0f8b7c690391a86ae017a48661f851449ae9d5894e2f306abede5dfd2': LOG CORRUPTO: El archivo log_gestor_credenciales.log ha sido modificado |
2026-06-03 15:35:49: INFO     | '4c5e4868b3d22d487155e62a0573525736e5433d98ebedd1b42302e10f7823bf': GestorCredenciales inicializado correctamente |
2026-06-03 15:35:50: WARNING  | 'c487203c0e72664882a67dc59dfeefd77d5ecdd1573512d452806ade94aa2978': LOG CORRUPTO: El archivo log_gestor_credenciales.log ha sido modificado |
2026-06-03 15:35:50: INFO     | '4c5e4868b3d22d487155e62a0573525736e5433d98ebedd1b42302e10f7823bf': GestorCredenciales inicializado correctamente |
2026-06-03 15:35:50: DEBUG    | '99bfd38680264b480c46c8f6abef48e0db8a4cfa6191dd4e045f0d9119b715e4': AUTENTICACION_EXITOSA |
2026-06-03 15:35:50: DEBUG    | '9114603424b9444d6fb1deae476f0a36c9c19d5ac125164005a5a0e0f0928cfe': AUTENTICACION_EXITOSA  |
2026-06-03 15:35:50: WARNING  | '62235fe0f8b7c690391a86ae017a48661f851449ae9d5894e2f306abede5dfd2': LOG CORRUPTO: El archivo log_gestor_credenciales.log ha sido modificado |
2026-06-03 15:35:50: INFO     | '4c5e4868b3d22d487155e62a0573525736e5433d98ebedd1b42302e10f7823bf': GestorCredenciales inicializado correctamente |
2026-06-03 15:35:50: DEBUG    | '99bfd38680264b480c46c8f6abef48e0db8a4cfa6191dd4e045f0d9119b715e4': AUTENTICACION_EXITOSA |
2026-06-03 15:35:50: DEBUG    | '9114603424b9444d6fb1deae476f0a36c9c19d5ac125164005a5a0e0f0928cfe': AUTENTICACION_EXITOSA  |
2026-06-03 15:35:50: DEBUG    | '99bfd38680264b480c46c8f6abef48e0db8a4cfa6191dd4e045f0d9119b715e4': AUTENTICACION_EXITOSA |
2026-06-03 15:35:50: DEBUG    | '9114603424b9444d6fb1deae476f0a36c9c19d5ac125164005a5a0e0f0928cfe': AUTENTICACION_EXITOSA  |
2026-06-03 15:35:51: DEBUG    | '99bfd38680264b480c46c8f6abef48e0db8a4cfa6191dd4e045f0d9119b715e4': AUTENTICACION_EXITOSA |
2026-06-03 15:35:51: DEBUG    | '9114603424b9444d6fb1deae476f0a36c9c19d5ac125164005a5a0e0f0928cfe': AUTENTICACION_EXITOSA  |
2026-06-03 15:35:51: INFO     | '286b6b15958173bece46a06f9e923b1cc9e9b82030474abb02f749cafe05b986': CREDENCIAL_ANADIDA: Servicio=Github, Usuario=usuario1 |
2026-06-03 15:35:51: DEBUG    | '99bfd38680264b480c46c8f6abef48e0db8a4cfa6191dd4e045f0d9119b715e4': AUTENTICACION_EXITOSA |
2026-06-03 15:35:51: DEBUG    | '9114603424b9444d6fb1deae476f0a36c9c19d5ac125164005a5a0e0f0928cfe': AUTENTICACION_EXITOSA  |
2026-06-03 15:35:51: WARNING  | '62235fe0f8b7c690391a86ae017a48661f851449ae9d5894e2f306abede5dfd2': LOG CORRUPTO: El archivo log_gestor_credenciales.log ha sido modificado |
2026-06-03 15:35:51: INFO     | '4c5e4868b3d22d487155e62a0573525736e5433d98ebedd1b42302e10f7823bf': GestorCredenciales inicializado correctamente |
2026-06-03 15:35:51: DEBUG    | '99bfd38680264b480c46c8f6abef48e0db8a4cfa6191dd4e045f0d9119b715e4': AUTENTICACION_EXITOSA |
2026-06-03 15:35:51: DEBUG    | '9114603424b9444d6fb1deae476f0a36c9c19d5ac125164005a5a0e0f0928cfe': AUTENTICACION_EXITOSA  |
2026-06-03 15:35:52: DEBUG    | '99bfd38680264b480c46c8f6abef48e0db8a4cfa6191dd4e045f0d9119b715e4': AUTENTICACION_EXITOSA |
2026-06-03 15:35:52: DEBUG    | '9114603424b9444d6fb1deae476f0a36c9c19d5ac125164005a5a0e0f0928cfe': AUTENTICACION_EXITOSA  |
2026-06-03 15:35:52: DEBUG    | '99bfd38680264b480c46c8f6abef48e0db8a4cfa6191dd4e045f0d9119b715e4': AUTENTICACION_EXITOSA |
2026-06-03 15:35:52: DEBUG    | '9114603424b9444d6fb1deae476f0a36c9c19d5ac125164005a5a0e0f0928cfe': AUTENTICACION_EXITOSA  |
2026-06-03 15:35:52: INFO     | '286b6b15958173bece46a06f9e923b1cc9e9b82030474abb02f749cafe05b986': CREDENCIAL_ANADIDA: Servicio=Github, Usuario=usuario1 |
2026-06-03 15:35:52: DEBUG    | '99bfd38680264b480c46c8f6abef48e0db8a4cfa6191dd4e045f0d9119b715e4': AUTENTICACION_EXITOSA |
2026-06-03 15:35:52: DEBUG    | '9114603424b9444d6fb1deae476f0a36c9c19d5ac125164005a5a0e0f0928cfe': AUTENTICACION_EXITOSA  |
2026-06-03 15:35:52: WARNING  | '62235fe0f8b7c690391a86ae017a48661f851449ae9d5894e2f306abede5dfd2': LOG CORRUPTO: El archivo log_gestor_credenciales.log ha sido modificado |
2026-06-03 15:35:52: INFO     | '4c5e4868b3d22d487155e62a0573525736e5433d98ebedd1b42302e10f7823bf': GestorCredenciales inicializado correctamente |
2026-06-03 15:35:52: DEBUG    | '99bfd38680264b480c46c8f6abef48e0db8a4cfa6191dd4e045f0d9119b715e4': AUTENTICACION_EXITOSA |
2026-06-03 15:35:52: DEBUG    | '9114603424b9444d6fb1deae476f0a36c9c19d5ac125164005a5a0e0f0928cfe': AUTENTICACION_EXITOSA  |
2026-06-03 15:35:53: DEBUG    | '99bfd38680264b480c46c8f6abef48e0db8a4cfa6191dd4e045f0d9119b715e4': AUTENTICACION_EXITOSA |
2026-06-03 15:35:53: DEBUG    | '9114603424b9444d6fb1deae476f0a36c9c19d5ac125164005a5a0e0f0928cfe': AUTENTICACION_EXITOSA  |
2026-06-03 15:35:53: DEBUG    | '99bfd38680264b480c46c8f6abef48e0db8a4cfa6191dd4e045f0d9119b715e4': AUTENTICACION_EXITOSA |
2026-06-03 15:35:53: DEBUG    | '9114603424b9444d6fb1deae476f0a36c9c19d5ac125164005a5a0e0f0928cfe': AUTENTICACION_EXITOSA  |
2026-06-03 15:35:53: INFO     | '286b6b15958173bece46a06f9e923b1cc9e9b82030474abb02f749cafe05b986': CREDENCIAL_ANADIDA: Servicio=Github, Usuario=usuario1 |
2026-06-03 15:35:53: DEBUG    | '99bfd38680264b480c46c8f6abef48e0db8a4cfa6191dd4e045f0d9119b715e4': AUTENTICACION_EXITOSA |
2026-06-03 15:35:53: DEBUG    | '9114603424b9444d6fb1deae476f0a36c9c19d5ac125164005a5a0e0f0928cfe': AUTENTICACION_EXITOSA  |
2026-06-03 15:35:53: WARNING  | '62235fe0f8b7c690391a86ae017a48661f851449ae9d5894e2f306abede5dfd2': LOG CORRUPTO: El archivo log_gestor_credenciales.log ha sido modificado |
2026-06-03 15:35:53: INFO     | '4c5e4868b3d22d487155e62a0573525736e5433d98ebedd1b42302e10f7823bf': GestorCredenciales inicializado correctamente |
2026-06-03 15:35:53: DEBUG    | '99bfd38680264b480c46c8f6abef48e0db8a4cfa6191dd4e045f0d9119b715e4': AUTENTICACION_EXITOSA |
2026-06-03 15:35:53: DEBUG    | '9114603424b9444d6fb1deae476f0a36c9c19d5ac125164005a5a0e0f0928cfe': AUTENTICACION_EXITOSA  |
2026-06-03 15:35:54: DEBUG    | '99bfd38680264b480c46c8f6abef48e0db8a4cfa6191dd4e045f0d9119b715e4': AUTENTICACION_EXITOSA |
2026-06-03 15:35:54: DEBUG    | '9114603424b9444d6fb1deae476f0a36c9c19d5ac125164005a5a0e0f0928cfe': AUTENTICACION_EXITOSA  |
2026-06-03 15:35:54: DEBUG    | '99bfd38680264b480c46c8f6abef48e0db8a4cfa6191dd4e045f0d9119b715e4': AUTENTICACION_EXITOSA |
2026-06-03 15:35:54: DEBUG    | '9114603424b9444d6fb1deae476f0a36c9c19d5ac125164005a5a0e0f0928cfe': AUTENTICACION_EXITOSA  |
2026-06-03 15:35:54: INFO     | '286b6b15958173bece46a06f9e923b1cc9e9b82030474abb02f749cafe05b986': CREDENCIAL_ANADIDA: Servicio=Github, Usuario=usuario1 |
2026-06-03 15:35:54: WARNING  | '125b443358578775beb7b3c7cea2f793c2b22bae3d2d1b39033abe454ee2b9b1': LOG CORRUPTO: El archivo log_gestor_credenciales.log ha sido modificado |
2026-06-03 15:35:54: INFO     | '4c5e4868b3d22d487155e62a0573525736e5433d98ebedd1b42302e10f7823bf': GestorCredenciales inicializado correctamente |
2026-06-03 15:35:54: DEBUG    | '99bfd38680264b480c46c8f6abef48e0db8a4cfa6191dd4e045f0d9119b715e4': AUTENTICACION_EXITOSA |
2026-06-03 15:35:54: DEBUG    | '9114603424b9444d6fb1deae476f0a36c9c19d5ac125164005a5a0e0f0928cfe': AUTENTICACION_EXITOSA  |
2026-06-03 15:35:54: DEBUG    | '99bfd38680264b480c46c8f6abef48e0db8a4cfa6191dd4e045f0d9119b715e4': AUTENTICACION_EXITOSA |
2026-06-03 15:35:54: DEBUG    | '9114603424b9444d6fb1deae476f0a36c9c19d5ac125164005a5a0e0f0928cfe': AUTENTICACION_EXITOSA  |
2026-06-03 15:35:55: DEBUG    | '99bfd38680264b480c46c8f6abef48e0db8a4cfa6191dd4e045f0d9119b715e4': AUTENTICACION_EXITOSA |
2026-06-03 15:35:55: DEBUG    | '9114603424b9444d6fb1deae476f0a36c9c19d5ac125164005a5a0e0f0928cfe': AUTENTICACION_EXITOSA  |
2026-06-03 15:35:55: INFO     | '286b6b15958173bece46a06f9e923b1cc9e9b82030474abb02f749cafe05b986': CREDENCIAL_ANADIDA: Servicio=Github, Usuario=usuario1 |
2026-06-03 15:35:55: WARNING  | '125b443358578775beb7b3c7cea2f793c2b22bae3d2d1b39033abe454ee2b9b1': LOG CORRUPTO: El archivo log_gestor_credenciales.log ha sido modificado |
2026-06-03 15:35:55: INFO     | '4c5e4868b3d22d487155e62a0573525736e5433d98ebedd1b42302e10f7823bf': GestorCredenciales inicializado correctamente |
2026-06-03 15:35:55: DEBUG    | '99bfd38680264b480c46c8f6abef48e0db8a4cfa6191dd4e045f0d9119b715e4': AUTENTICACION_EXITOSA |
2026-06-03 15:35:55: DEBUG    | '9114603424b9444d6fb1deae476f0a36c9c19d5ac125164005a5a0e0f0928cfe': AUTENTICACION_EXITOSA  |
2026-06-03 15:35:55: DEBUG    | '99bfd38680264b480c46c8f6abef48e0db8a4cfa6191dd4e045f0d9119b715e4': AUTENTICACION_EXITOSA |
2026-06-03 15:35:55: DEBUG    | '9114603424b9444d6fb1deae476f0a36c9c19d5ac125164005a5a0e0f0928cfe': AUTENTICACION_EXITOSA  |
2026-06-03 15:35:55: DEBUG    | '99bfd38680264b480c46c8f6abef48e0db8a4cfa6191dd4e045f0d9119b715e4': AUTENTICACION_EXITOSA |
2026-06-03 15:35:55: DEBUG    | '9114603424b9444d6fb1deae476f0a36c9c19d5ac125164005a5a0e0f0928cfe': AUTENTICACION_EXITOSA  |
2026-06-03 15:35:56: INFO     | 'ef12c19d3f891611ed7d172073b63b6bbbaa471b869958dd7c7819cb9e84fd30': CREDENCIAL_ANADIDA: Servicio=Github, Usuario=user1 |
2026-06-03 15:35:56: WARNING  | 'fc3470e45c601bcc5fb4b38c228a4a81e77515c1427b7beb3247100b1d35fe2d': LOG CORRUPTO: El archivo log_gestor_credenciales.log ha sido modificado |
2026-06-03 15:35:56: INFO     | '4c5e4868b3d22d487155e62a0573525736e5433d98ebedd1b42302e10f7823bf': GestorCredenciales inicializado correctamente |
2026-06-03 15:35:56: DEBUG    | '99bfd38680264b480c46c8f6abef48e0db8a4cfa6191dd4e045f0d9119b715e4': AUTENTICACION_EXITOSA |
2026-06-03 15:35:56: DEBUG    | '9114603424b9444d6fb1deae476f0a36c9c19d5ac125164005a5a0e0f0928cfe': AUTENTICACION_EXITOSA  |
2026-06-03 15:35:56: DEBUG    | '99bfd38680264b480c46c8f6abef48e0db8a4cfa6191dd4e045f0d9119b715e4': AUTENTICACION_EXITOSA |
2026-06-03 15:35:56: DEBUG    | '9114603424b9444d6fb1deae476f0a36c9c19d5ac125164005a5a0e0f0928cfe': AUTENTICACION_EXITOSA  |
2026-06-03 15:35:56: DEBUG    | '99bfd38680264b480c46c8f6abef48e0db8a4cfa6191dd4e045f0d9119b715e4': AUTENTICACION_EXITOSA |
2026-06-03 15:35:56: DEBUG    | '9114603424b9444d6fb1deae476f0a36c9c19d5ac125164005a5a0e0f0928cfe': AUTENTICACION_EXITOSA  |
2026-06-03 15:35:57: INFO     | 'ef12c19d3f891611ed7d172073b63b6bbbaa471b869958dd7c7819cb9e84fd30': CREDENCIAL_ANADIDA: Servicio=Github, Usuario=user1 |
2026-06-03 15:35:57: DEBUG    | '99bfd38680264b480c46c8f6abef48e0db8a4cfa6191dd4e045f0d9119b715e4': AUTENTICACION_EXITOSA |
2026-06-03 15:35:57: DEBUG    | '9114603424b9444d6fb1deae476f0a36c9c19d5ac125164005a5a0e0f0928cfe': AUTENTICACION_EXITOSA  |
2026-06-03 15:35:57: DEBUG    | '99bfd38680264b480c46c8f6abef48e0db8a4cfa6191dd4e045f0d9119b715e4': AUTENTICACION_EXITOSA |
2026-06-03 15:35:57: DEBUG    | '9114603424b9444d6fb1deae476f0a36c9c19d5ac125164005a5a0e0f0928cfe': AUTENTICACION_EXITOSA  |
2026-06-03 15:35:57: DEBUG    | '99bfd38680264b480c46c8f6abef48e0db8a4cfa6191dd4e045f0d9119b715e4': AUTENTICACION_EXITOSA |
2026-06-03 15:35:57: DEBUG    | '9114603424b9444d6fb1deae476f0a36c9c19d5ac125164005a5a0e0f0928cfe': AUTENTICACION_EXITOSA  |
2026-06-03 15:35:57: DEBUG    | '99bfd38680264b480c46c8f6abef48e0db8a4cfa6191dd4e045f0d9119b715e4': AUTENTICACION_EXITOSA |
2026-06-03 15:35:57: DEBUG    | '9114603424b9444d6fb1deae476f0a36c9c19d5ac125164005a5a0e0f0928cfe': AUTENTICACION_EXITOSA  |
2026-06-03 15:35:57: DEBUG    | '99bfd38680264b480c46c8f6abef48e0db8a4cfa6191dd4e045f0d9119b715e4': AUTENTICACION_EXITOSA |
2026-06-03 15:35:57: DEBUG    | '9114603424b9444d6fb1deae476f0a36c9c19d5ac125164005a5a0e0f0928cfe': AUTENTICACION_EXITOSA  |
2026-06-03 15:35:58: DEBUG    | '99bfd38680264b480c46c8f6abef48e0db8a4cfa6191dd4e045f0d9119b715e4': AUTENTICACION_EXITOSA |
2026-06-03 15:35:58: DEBUG    | '9114603424b9444d6fb1deae476f0a36c9c19d5ac125164005a5a0e0f0928cfe': AUTENTICACION_EXITOSA  |
2026-06-03 15:35:58: DEBUG    | '99bfd38680264b480c46c8f6abef48e0db8a4cfa6191dd4e045f0d9119b715e4': AUTENTICACION_EXITOSA |
2026-06-03 15:35:58: DEBUG    | '9114603424b9444d6fb1deae476f0a36c9c19d5ac125164005a5a0e0f0928cfe': AUTENTICACION_EXITOSA  |
2026-06-03 15:35:58: WARNING  | '62235fe0f8b7c690391a86ae017a48661f851449ae9d5894e2f306abede5dfd2': LOG CORRUPTO: El archivo log_gestor_credenciales.log ha sido modificado |
2026-06-03 15:35:58: INFO     | '4c5e4868b3d22d487155e62a0573525736e5433d98ebedd1b42302e10f7823bf': GestorCredenciales inicializado correctamente |
2026-06-03 15:35:58: INFO     | 'bed25204d04bacf9b3fb82b07394ee8fc60a7e5a7a84d21ff86209d867bc8a0e': ana login -> permitido |
2026-06-03 15:35:58: DEBUG    | '99bfd38680264b480c46c8f6abef48e0db8a4cfa6191dd4e045f0d9119b715e4': AUTENTICACION_EXITOSA |
2026-06-03 15:35:58: DEBUG    | '9114603424b9444d6fb1deae476f0a36c9c19d5ac125164005a5a0e0f0928cfe': AUTENTICACION_EXITOSA  |
2026-06-03 15:35:58: DEBUG    | '99bfd38680264b480c46c8f6abef48e0db8a4cfa6191dd4e045f0d9119b715e4': AUTENTICACION_EXITOSA |
2026-06-03 15:35:58: DEBUG    | '9114603424b9444d6fb1deae476f0a36c9c19d5ac125164005a5a0e0f0928cfe': AUTENTICACION_EXITOSA  |
2026-06-03 15:35:58: DEBUG    | '99bfd38680264b480c46c8f6abef48e0db8a4cfa6191dd4e045f0d9119b715e4': AUTENTICACION_EXITOSA |
2026-06-03 15:35:58: DEBUG    | '9114603424b9444d6fb1deae476f0a36c9c19d5ac125164005a5a0e0f0928cfe': AUTENTICACION_EXITOSA  |
2026-06-03 15:35:59: INFO     | '262677c44c45a42e8dd4448d8435108bf4db32b876e28ceb2249126f0b9381e6': CREDENCIAL_ANADIDA: Servicio=GitHub, Usuario=user1 |
2026-06-03 15:35:59: INFO     | 'b21783fd32d42bab2ec0990ae1248eb3de721cc374365abf868825fa4941035e': ana : anadir_credencial --> permitido |
2026-06-03 15:35:59: DEBUG    | '99bfd38680264b480c46c8f6abef48e0db8a4cfa6191dd4e045f0d9119b715e4': AUTENTICACION_EXITOSA |
2026-06-03 15:35:59: DEBUG    | '9114603424b9444d6fb1deae476f0a36c9c19d5ac125164005a5a0e0f0928cfe': AUTENTICACION_EXITOSA  |
2026-06-03 15:35:59: DEBUG    | '99bfd38680264b480c46c8f6abef48e0db8a4cfa6191dd4e045f0d9119b715e4': AUTENTICACION_EXITOSA |
2026-06-03 15:35:59: DEBUG    | '9114603424b9444d6fb1deae476f0a36c9c19d5ac125164005a5a0e0f0928cfe': AUTENTICACION_EXITOSA  |
2026-06-03 15:35:59: INFO     | '65987849f4d10fe53fa0cb65c4c293be401845dae5e16a88792a461616840931': ana : eliminar_credencial --> permitido |
2026-06-03 15:35:59: WARNING  | 'e0897e8144f2e22c6a21140acf30b885fcd889ce45460ff5f7566132ae152b1d': LOG CORRUPTO: El archivo log_gestor_credenciales.log ha sido modificado |
2026-06-03 15:35:59: INFO     | '4c5e4868b3d22d487155e62a0573525736e5433d98ebedd1b42302e10f7823bf': GestorCredenciales inicializado correctamente |
2026-06-03 15:35:59: INFO     | 'bed25204d04bacf9b3fb82b07394ee8fc60a7e5a7a84d21ff86209d867bc8a0e': ana login -> permitido |
2026-06-03 15:35:59: INFO     | 'cabe1cf19c2352dd5dcefb8d470717e5a5c258d854df4ce6e082a822c532145c': luis login -> permitido |
2026-06-03 15:35:59: INFO     | 'fde4ffe14b2b6af639ea56f438176375ec63992e086f7fd1f7f8c96a7bbf0b9b': luis : anadir_credencial --> denegado |
2026-06-03 15:35:59: WARNING  | 'd6ff197d79ff7cec07c162fa2f4497b6e0f0cf8af0dcd68fcdaa005a00b5ff9d': LOG CORRUPTO: El archivo log_gestor_credenciales.log ha sido modificado |
2026-06-03 15:35:59: INFO     | '4c5e4868b3d22d487155e62a0573525736e5433d98ebedd1b42302e10f7823bf': GestorCredenciales inicializado correctamente |
2026-06-03 15:35:59: INFO     | 'bed25204d04bacf9b3fb82b07394ee8fc60a7e5a7a84d21ff86209d867bc8a0e': ana login -> permitido |
2026-06-03 15:35:59: INFO     | 'b2e9bff3087cc09f9a312e48495805f60ae92f9bbc1bf2869d2969f0474a4b25': eva login -> permitido |
2026-06-03 15:35:59: DEBUG    | '99bfd38680264b480c46c8f6abef48e0db8a4cfa6191dd4e045f0d9119b715e4': AUTENTICACION_EXITOSA |
2026-06-03 15:35:59: DEBUG    | '9114603424b9444d6fb1deae476f0a36c9c19d5ac125164005a5a0e0f0928cfe': AUTENTICACION_EXITOSA  |
2026-06-03 15:36:00: DEBUG    | '99bfd38680264b480c46c8f6abef48e0db8a4cfa6191dd4e045f0d9119b715e4': AUTENTICACION_EXITOSA |
2026-06-03 15:36:00: DEBUG    | '9114603424b9444d6fb1deae476f0a36c9c19d5ac125164005a5a0e0f0928cfe': AUTENTICACION_EXITOSA  |
2026-06-03 15:36:00: DEBUG    | '99bfd38680264b480c46c8f6abef48e0db8a4cfa6191dd4e045f0d9119b715e4': AUTENTICACION_EXITOSA |
2026-06-03 15:36:00: DEBUG    | '9114603424b9444d6fb1deae476f0a36c9c19d5ac125164005a5a0e0f0928cfe': AUTENTICACION_EXITOSA  |
2026-06-03 15:36:00: INFO     | '262677c44c45a42e8dd4448d8435108bf4db32b876e28ceb2249126f0b9381e6': CREDENCIAL_ANADIDA: Servicio=GitHub, Usuario=user1 |
2026-06-03 15:36:00: INFO     | 'b21783fd32d42bab2ec0990ae1248eb3de721cc374365abf868825fa4941035e': ana : anadir_credencial --> permitido |
2026-06-03 15:36:00: INFO     | 'fe5b352a7e865af4fb8d5da20a0ff3b60f34316c57a04ce5f933f6d997f57b3d': eva : eliminar_credencial --> denegado |
2026-06-03 15:36:00: WARNING  | '7df0857f9de58d69e7c81a99921efd04a69ef690e55f8ba1e38ce9f49110e371': LOG CORRUPTO: El archivo log_gestor_credenciales.log ha sido modificado |
2026-06-03 15:36:00: INFO     | '4c5e4868b3d22d487155e62a0573525736e5433d98ebedd1b42302e10f7823bf': GestorCredenciales inicializado correctamente |
2026-06-03 15:36:00: INFO     | 'cabe1cf19c2352dd5dcefb8d470717e5a5c258d854df4ce6e082a822c532145c': luis login -> permitido |
2026-06-03 15:36:00: INFO     | 'fde4ffe14b2b6af639ea56f438176375ec63992e086f7fd1f7f8c96a7bbf0b9b': luis : anadir_credencial --> denegado |
2026-06-03 15:36:00: WARNING  | 'd6ff197d79ff7cec07c162fa2f4497b6e0f0cf8af0dcd68fcdaa005a00b5ff9d': LOG CORRUPTO: El archivo log_gestor_credenciales.log ha sido modificado |
2026-06-03 15:36:00: INFO     | '4c5e4868b3d22d487155e62a0573525736e5433d98ebedd1b42302e10f7823bf': GestorCredenciales inicializado correctamente |
2026-06-03 15:36:00: DEBUG    | '99bfd38680264b480c46c8f6abef48e0db8a4cfa6191dd4e045f0d9119b715e4': AUTENTICACION_EXITOSA |
2026-06-03 15:36:00: DEBUG    | '9114603424b9444d6fb1deae476f0a36c9c19d5ac125164005a5a0e0f0928cfe': AUTENTICACION_EXITOSA  |
2026-06-03 15:36:01: DEBUG    | '99bfd38680264b480c46c8f6abef48e0db8a4cfa6191dd4e045f0d9119b715e4': AUTENTICACION_EXITOSA |
2026-06-03 15:36:01: DEBUG    | '9114603424b9444d6fb1deae476f0a36c9c19d5ac125164005a5a0e0f0928cfe': AUTENTICACION_EXITOSA  |
2026-06-03 15:36:01: DEBUG    | '99bfd38680264b480c46c8f6abef48e0db8a4cfa6191dd4e045f0d9119b715e4': AUTENTICACION_EXITOSA |
2026-06-03 15:36:01: DEBUG    | '9114603424b9444d6fb1deae476f0a36c9c19d5ac125164005a5a0e0f0928cfe': AUTENTICACION_EXITOSA  |
2026-06-03 15:36:01: INFO     | 'ef12c19d3f891611ed7d172073b63b6bbbaa471b869958dd7c7819cb9e84fd30': CREDENCIAL_ANADIDA: Servicio=Github, Usuario=user1 |
2026-06-03 15:36:01: DEBUG    | '99bfd38680264b480c46c8f6abef48e0db8a4cfa6191dd4e045f0d9119b715e4': AUTENTICACION_EXITOSA |
2026-06-03 15:36:01: DEBUG    | '9114603424b9444d6fb1deae476f0a36c9c19d5ac125164005a5a0e0f0928cfe': AUTENTICACION_EXITOSA  |
2026-06-03 15:36:01: DEBUG    | '99bfd38680264b480c46c8f6abef48e0db8a4cfa6191dd4e045f0d9119b715e4': AUTENTICACION_EXITOSA |
2026-06-03 15:36:01: DEBUG    | '9114603424b9444d6fb1deae476f0a36c9c19d5ac125164005a5a0e0f0928cfe': AUTENTICACION_EXITOSA  |
2026-06-03 15:36:02: DEBUG    | '99bfd38680264b480c46c8f6abef48e0db8a4cfa6191dd4e045f0d9119b715e4': AUTENTICACION_EXITOSA |
2026-06-03 15:36:02: DEBUG    | '9114603424b9444d6fb1deae476f0a36c9c19d5ac125164005a5a0e0f0928cfe': AUTENTICACION_EXITOSA  |
2026-06-03 15:36:02: DEBUG    | '99bfd38680264b480c46c8f6abef48e0db8a4cfa6191dd4e045f0d9119b715e4': AUTENTICACION_EXITOSA |
2026-06-03 15:36:02: DEBUG    | '9114603424b9444d6fb1deae476f0a36c9c19d5ac125164005a5a0e0f0928cfe': AUTENTICACION_EXITOSA  |
2026-06-03 15:36:02: WARNING  | '62235fe0f8b7c690391a86ae017a48661f851449ae9d5894e2f306abede5dfd2': LOG CORRUPTO: El archivo log_gestor_credenciales.log ha sido modificado |
2026-06-03 15:36:02: INFO     | '4c5e4868b3d22d487155e62a0573525736e5433d98ebedd1b42302e10f7823bf': GestorCredenciales inicializado correctamente |
2026-06-03 15:36:03: DEBUG    | '99bfd38680264b480c46c8f6abef48e0db8a4cfa6191dd4e045f0d9119b715e4': AUTENTICACION_EXITOSA |
2026-06-03 15:36:03: DEBUG    | '9114603424b9444d6fb1deae476f0a36c9c19d5ac125164005a5a0e0f0928cfe': AUTENTICACION_EXITOSA  |
2026-06-03 15:36:03: DEBUG    | '99bfd38680264b480c46c8f6abef48e0db8a4cfa6191dd4e045f0d9119b715e4': AUTENTICACION_EXITOSA |
2026-06-03 15:36:03: DEBUG    | '9114603424b9444d6fb1deae476f0a36c9c19d5ac125164005a5a0e0f0928cfe': AUTENTICACION_EXITOSA  |
2026-06-03 15:36:03: DEBUG    | '99bfd38680264b480c46c8f6abef48e0db8a4cfa6191dd4e045f0d9119b715e4': AUTENTICACION_EXITOSA |
2026-06-03 15:36:03: DEBUG    | '9114603424b9444d6fb1deae476f0a36c9c19d5ac125164005a5a0e0f0928cfe': AUTENTICACION_EXITOSA  |
2026-06-03 15:36:03: INFO     | 'ef12c19d3f891611ed7d172073b63b6bbbaa471b869958dd7c7819cb9e84fd30': CREDENCIAL_ANADIDA: Servicio=Github, Usuario=user1 |
2026-06-03 15:36:03: DEBUG    | '99bfd38680264b480c46c8f6abef48e0db8a4cfa6191dd4e045f0d9119b715e4': AUTENTICACION_EXITOSA |
2026-06-03 15:36:03: DEBUG    | '9114603424b9444d6fb1deae476f0a36c9c19d5ac125164005a5a0e0f0928cfe': AUTENTICACION_EXITOSA  |
2026-06-03 15:36:03: WARNING  | '62235fe0f8b7c690391a86ae017a48661f851449ae9d5894e2f306abede5dfd2': LOG CORRUPTO: El archivo log_gestor_credenciales.log ha sido modificado |
2026-06-03 15:36:03: INFO     | '4c5e4868b3d22d487155e62a0573525736e5433d98ebedd1b42302e10f7823bf': GestorCredenciales inicializado correctamente |
2026-06-03 15:36:04: DEBUG    | '99bfd38680264b480c46c8f6abef48e0db8a4cfa6191dd4e045f0d9119b715e4': AUTENTICACION_EXITOSA |
2026-06-03 15:36:04: DEBUG    | '9114603424b9444d6fb1deae476f0a36c9c19d5ac125164005a5a0e0f0928cfe': AUTENTICACION_EXITOSA  |
2026-06-03 15:36:04: DEBUG    | '99bfd38680264b480c46c8f6abef48e0db8a4cfa6191dd4e045f0d9119b715e4': AUTENTICACION_EXITOSA |
2026-06-03 15:36:04: DEBUG    | '9114603424b9444d6fb1deae476f0a36c9c19d5ac125164005a5a0e0f0928cfe': AUTENTICACION_EXITOSA  |
2026-06-03 15:36:04: DEBUG    | '99bfd38680264b480c46c8f6abef48e0db8a4cfa6191dd4e045f0d9119b715e4': AUTENTICACION_EXITOSA |
2026-06-03 15:36:04: DEBUG    | '9114603424b9444d6fb1deae476f0a36c9c19d5ac125164005a5a0e0f0928cfe': AUTENTICACION_EXITOSA  |
2026-06-03 15:36:04: INFO     | 'ef12c19d3f891611ed7d172073b63b6bbbaa471b869958dd7c7819cb9e84fd30': CREDENCIAL_ANADIDA: Servicio=Github, Usuario=user1 |
2026-06-03 15:36:04: DEBUG    | '99bfd38680264b480c46c8f6abef48e0db8a4cfa6191dd4e045f0d9119b715e4': AUTENTICACION_EXITOSA |
2026-06-03 15:36:04: DEBUG    | '9114603424b9444d6fb1deae476f0a36c9c19d5ac125164005a5a0e0f0928cfe': AUTENTICACION_EXITOSA  |
2026-06-03 15:36:04: DEBUG    | '99bfd38680264b480c46c8f6abef48e0db8a4cfa6191dd4e045f0d9119b715e4': AUTENTICACION_EXITOSA |
2026-06-03 15:36:04: DEBUG    | '9114603424b9444d6fb1deae476f0a36c9c19d5ac125164005a5a0e0f0928cfe': AUTENTICACION_EXITOSA  |
2026-06-03 15:36:05: DEBUG    | '99bfd38680264b480c46c8f6abef48e0db8a4cfa6191dd4e045f0d9119b715e4': AUTENTICACION_EXITOSA |
2026-06-03 15:36:05: DEBUG    | '9114603424b9444d6fb1deae476f0a36c9c19d5ac125164005a5a0e0f0928cfe': AUTENTICACION_EXITOSA  |
2026-06-03 15:36:05: WARNING  | '62235fe0f8b7c690391a86ae017a48661f851449ae9d5894e2f306abede5dfd2': LOG CORRUPTO: El archivo log_gestor_credenciales.log ha sido modificado |
2026-06-03 15:36:05: INFO     | '4c5e4868b3d22d487155e62a0573525736e5433d98ebedd1b42302e10f7823bf': GestorCredenciales inicializado correctamente |
2026-06-03 15:36:05: DEBUG    | '99bfd38680264b480c46c8f6abef48e0db8a4cfa6191dd4e045f0d9119b715e4': AUTENTICACION_EXITOSA |
2026-06-03 15:36:05: DEBUG    | '9114603424b9444d6fb1deae476f0a36c9c19d5ac125164005a5a0e0f0928cfe': AUTENTICACION_EXITOSA  |
2026-06-03 15:36:05: DEBUG    | '99bfd38680264b480c46c8f6abef48e0db8a4cfa6191dd4e045f0d9119b715e4': AUTENTICACION_EXITOSA |
2026-06-03 15:36:05: DEBUG    | '9114603424b9444d6fb1deae476f0a36c9c19d5ac125164005a5a0e0f0928cfe': AUTENTICACION_EXITOSA  |
2026-06-03 15:36:06: DEBUG    | '99bfd38680264b480c46c8f6abef48e0db8a4cfa6191dd4e045f0d9119b715e4': AUTENTICACION_EXITOSA |
2026-06-03 15:36:06: DEBUG    | '9114603424b9444d6fb1deae476f0a36c9c19d5ac125164005a5a0e0f0928cfe': AUTENTICACION_EXITOSA  |
2026-06-03 15:36:06: INFO     | 'ef12c19d3f891611ed7d172073b63b6bbbaa471b869958dd7c7819cb9e84fd30': CREDENCIAL_ANADIDA: Servicio=Github, Usuario=user1 |
2026-06-03 15:36:06: DEBUG    | '99bfd38680264b480c46c8f6abef48e0db8a4cfa6191dd4e045f0d9119b715e4': AUTENTICACION_EXITOSA |
2026-06-03 15:36:06: DEBUG    | '9114603424b9444d6fb1deae476f0a36c9c19d5ac125164005a5a0e0f0928cfe': AUTENTICACION_EXITOSA  |
2026-06-03 15:36:06: DEBUG    | '99bfd38680264b480c46c8f6abef48e0db8a4cfa6191dd4e045f0d9119b715e4': AUTENTICACION_EXITOSA |
2026-06-03 15:36:06: DEBUG    | '9114603424b9444d6fb1deae476f0a36c9c19d5ac125164005a5a0e0f0928cfe': AUTENTICACION_EXITOSA  |
2026-06-03 15:36:07: DEBUG    | '99bfd38680264b480c46c8f6abef48e0db8a4cfa6191dd4e045f0d9119b715e4': AUTENTICACION_EXITOSA |
2026-06-03 15:36:07: DEBUG    | '9114603424b9444d6fb1deae476f0a36c9c19d5ac125164005a5a0e0f0928cfe': AUTENTICACION_EXITOSA  |
2026-06-03 15:36:07: WARNING  | '62235fe0f8b7c690391a86ae017a48661f851449ae9d5894e2f306abede5dfd2': LOG CORRUPTO: El archivo log_gestor_credenciales.log ha sido modificado |
2026-06-03 15:36:07: INFO     | '4c5e4868b3d22d487155e62a0573525736e5433d98ebedd1b42302e10f7823bf': GestorCredenciales inicializado correctamente |
2026-06-03 15:36:07: DEBUG    | '99bfd38680264b480c46c8f6abef48e0db8a4cfa6191dd4e045f0d9119b715e4': AUTENTICACION_EXITOSA |
2026-06-03 15:36:07: DEBUG    | '9114603424b9444d6fb1deae476f0a36c9c19d5ac125164005a5a0e0f0928cfe': AUTENTICACION_EXITOSA  |
2026-06-03 15:36:07: DEBUG    | '99bfd38680264b480c46c8f6abef48e0db8a4cfa6191dd4e045f0d9119b715e4': AUTENTICACION_EXITOSA |
2026-06-03 15:36:07: DEBUG    | '9114603424b9444d6fb1deae476f0a36c9c19d5ac125164005a5a0e0f0928cfe': AUTENTICACION_EXITOSA  |
2026-06-03 15:36:07: DEBUG    | '99bfd38680264b480c46c8f6abef48e0db8a4cfa6191dd4e045f0d9119b715e4': AUTENTICACION_EXITOSA |
2026-06-03 15:36:07: DEBUG    | '9114603424b9444d6fb1deae476f0a36c9c19d5ac125164005a5a0e0f0928cfe': AUTENTICACION_EXITOSA  |
2026-06-03 15:36:07: INFO     | 'ef12c19d3f891611ed7d172073b63b6bbbaa471b869958dd7c7819cb9e84fd30': CREDENCIAL_ANADIDA: Servicio=Github, Usuario=user1 |
2026-06-03 15:36:08: DEBUG    | '99bfd38680264b480c46c8f6abef48e0db8a4cfa6191dd4e045f0d9119b715e4': AUTENTICACION_EXITOSA |
2026-06-03 15:36:08: DEBUG    | '9114603424b9444d6fb1deae476f0a36c9c19d5ac125164005a5a0e0f0928cfe': AUTENTICACION_EXITOSA  |
2026-06-03 15:36:08: DEBUG    | '99bfd38680264b480c46c8f6abef48e0db8a4cfa6191dd4e045f0d9119b715e4': AUTENTICACION_EXITOSA |
2026-06-03 15:36:08: DEBUG    | '9114603424b9444d6fb1deae476f0a36c9c19d5ac125164005a5a0e0f0928cfe': AUTENTICACION_EXITOSA  |
2026-06-03 15:36:08: WARNING  | '62235fe0f8b7c690391a86ae017a48661f851449ae9d5894e2f306abede5dfd2': LOG CORRUPTO: El archivo log_gestor_credenciales.log ha sido modificado |
2026-06-03 15:36:08: INFO     | '4c5e4868b3d22d487155e62a0573525736e5433d98ebedd1b42302e10f7823bf': GestorCredenciales inicializado correctamente |
2026-06-03 15:36:08: DEBUG    | '99bfd38680264b480c46c8f6abef48e0db8a4cfa6191dd4e045f0d9119b715e4': AUTENTICACION_EXITOSA |
2026-06-03 15:36:08: DEBUG    | '9114603424b9444d6fb1deae476f0a36c9c19d5ac125164005a5a0e0f0928cfe': AUTENTICACION_EXITOSA  |
2026-06-03 15:36:09: DEBUG    | '99bfd38680264b480c46c8f6abef48e0db8a4cfa6191dd4e045f0d9119b715e4': AUTENTICACION_EXITOSA |
2026-06-03 15:36:09: DEBUG    | '9114603424b9444d6fb1deae476f0a36c9c19d5ac125164005a5a0e0f0928cfe': AUTENTICACION_EXITOSA  |
2026-06-03 15:36:09: DEBUG    | '99bfd38680264b480c46c8f6abef48e0db8a4cfa6191dd4e045f0d9119b715e4': AUTENTICACION_EXITOSA |
2026-06-03 15:36:09: DEBUG    | '9114603424b9444d6fb1deae476f0a36c9c19d5ac125164005a5a0e0f0928cfe': AUTENTICACION_EXITOSA  |
2026-06-03 15:36:09: INFO     | 'ef12c19d3f891611ed7d172073b63b6bbbaa471b869958dd7c7819cb9e84fd30': CREDENCIAL_ANADIDA: Servicio=Github, Usuario=user1 |
2026-06-03 15:36:09: DEBUG    | '99bfd38680264b480c46c8f6abef48e0db8a4cfa6191dd4e045f0d9119b715e4': AUTENTICACION_EXITOSA |
2026-06-03 15:36:09: DEBUG    | '9114603424b9444d6fb1deae476f0a36c9c19d5ac125164005a5a0e0f0928cfe': AUTENTICACION_EXITOSA  |
2026-06-03 15:36:09: DEBUG    | '99bfd38680264b480c46c8f6abef48e0db8a4cfa6191dd4e045f0d9119b715e4': AUTENTICACION_EXITOSA |
2026-06-03 15:36:09: DEBUG    | '9114603424b9444d6fb1deae476f0a36c9c19d5ac125164005a5a0e0f0928cfe': AUTENTICACION_EXITOSA  |
2026-06-03 15:36:09: WARNING  | '62235fe0f8b7c690391a86ae017a48661f851449ae9d5894e2f306abede5dfd2': LOG CORRUPTO: El archivo log_gestor_credenciales.log ha sido modificado |
2026-06-03 15:36:10: INFO     | '4c5e4868b3d22d487155e62a0573525736e5433d98ebedd1b42302e10f7823bf': GestorCredenciales inicializado correctamente |
2026-06-03 15:36:10: DEBUG    | '99bfd38680264b480c46c8f6abef48e0db8a4cfa6191dd4e045f0d9119b715e4': AUTENTICACION_EXITOSA |
2026-06-03 15:36:10: DEBUG    | '9114603424b9444d6fb1deae476f0a36c9c19d5ac125164005a5a0e0f0928cfe': AUTENTICACION_EXITOSA  |
2026-06-03 15:36:10: DEBUG    | '99bfd38680264b480c46c8f6abef48e0db8a4cfa6191dd4e045f0d9119b715e4': AUTENTICACION_EXITOSA |
2026-06-03 15:36:10: DEBUG    | '9114603424b9444d6fb1deae476f0a36c9c19d5ac125164005a5a0e0f0928cfe': AUTENTICACION_EXITOSA  |
2026-06-03 15:36:10: DEBUG    | '99bfd38680264b480c46c8f6abef48e0db8a4cfa6191dd4e045f0d9119b715e4': AUTENTICACION_EXITOSA |
2026-06-03 15:36:10: DEBUG    | '9114603424b9444d6fb1deae476f0a36c9c19d5ac125164005a5a0e0f0928cfe': AUTENTICACION_EXITOSA  |
2026-06-03 15:36:10: INFO     | 'ef12c19d3f891611ed7d172073b63b6bbbaa471b869958dd7c7819cb9e84fd30': CREDENCIAL_ANADIDA: Servicio=Github, Usuario=user1 |
2026-06-03 15:36:10: DEBUG    | '99bfd38680264b480c46c8f6abef48e0db8a4cfa6191dd4e045f0d9119b715e4': AUTENTICACION_EXITOSA |
2026-06-03 15:36:10: DEBUG    | '9114603424b9444d6fb1deae476f0a36c9c19d5ac125164005a5a0e0f0928cfe': AUTENTICACION_EXITOSA  |
2026-06-03 15:36:10: WARNING  | '62235fe0f8b7c690391a86ae017a48661f851449ae9d5894e2f306abede5dfd2': LOG CORRUPTO: El archivo log_gestor_credenciales.log ha sido modificado |
2026-06-03 15:36:11: INFO     | '4c5e4868b3d22d487155e62a0573525736e5433d98ebedd1b42302e10f7823bf': GestorCredenciales inicializado correctamente |
2026-06-03 15:36:11: DEBUG    | '99bfd38680264b480c46c8f6abef48e0db8a4cfa6191dd4e045f0d9119b715e4': AUTENTICACION_EXITOSA |
2026-06-03 15:36:11: DEBUG    | '9114603424b9444d6fb1deae476f0a36c9c19d5ac125164005a5a0e0f0928cfe': AUTENTICACION_EXITOSA  |
2026-06-03 15:36:11: DEBUG    | '99bfd38680264b480c46c8f6abef48e0db8a4cfa6191dd4e045f0d9119b715e4': AUTENTICACION_EXITOSA |
2026-06-03 15:36:11: DEBUG    | '9114603424b9444d6fb1deae476f0a36c9c19d5ac125164005a5a0e0f0928cfe': AUTENTICACION_EXITOSA  |
2026-06-03 15:36:11: DEBUG    | '99bfd38680264b480c46c8f6abef48e0db8a4cfa6191dd4e045f0d9119b715e4': AUTENTICACION_EXITOSA |
2026-06-03 15:36:11: DEBUG    | '9114603424b9444d6fb1deae476f0a36c9c19d5ac125164005a5a0e0f0928cfe': AUTENTICACION_EXITOSA  |
2026-06-03 15:36:11: INFO     | 'ef12c19d3f891611ed7d172073b63b6bbbaa471b869958dd7c7819cb9e84fd30': CREDENCIAL_ANADIDA: Servicio=Github, Usuario=user1 |
2026-06-03 15:36:11: DEBUG    | '99bfd38680264b480c46c8f6abef48e0db8a4cfa6191dd4e045f0d9119b715e4': AUTENTICACION_EXITOSA |
2026-06-03 15:36:11: DEBUG    | '9114603424b9444d6fb1deae476f0a36c9c19d5ac125164005a5a0e0f0928cfe': AUTENTICACION_EXITOSA  |
2026-06-03 15:36:11: WARNING  | '62235fe0f8b7c690391a86ae017a48661f851449ae9d5894e2f306abede5dfd2': LOG CORRUPTO: El archivo log_gestor_credenciales.log ha sido modificado |
2026-06-03 15:36:12: INFO     | '4c5e4868b3d22d487155e62a0573525736e5433d98ebedd1b42302e10f7823bf': GestorCredenciales inicializado correctamente |
2026-06-03 15:36:12: DEBUG    | '99bfd38680264b480c46c8f6abef48e0db8a4cfa6191dd4e045f0d9119b715e4': AUTENTICACION_EXITOSA |
2026-06-03 15:36:12: DEBUG    | '9114603424b9444d6fb1deae476f0a36c9c19d5ac125164005a5a0e0f0928cfe': AUTENTICACION_EXITOSA  |
2026-06-03 15:36:12: DEBUG    | '99bfd38680264b480c46c8f6abef48e0db8a4cfa6191dd4e045f0d9119b715e4': AUTENTICACION_EXITOSA |
2026-06-03 15:36:12: DEBUG    | '9114603424b9444d6fb1deae476f0a36c9c19d5ac125164005a5a0e0f0928cfe': AUTENTICACION_EXITOSA  |
2026-06-03 15:36:12: DEBUG    | '99bfd38680264b480c46c8f6abef48e0db8a4cfa6191dd4e045f0d9119b715e4': AUTENTICACION_EXITOSA |
2026-06-03 15:36:12: DEBUG    | '9114603424b9444d6fb1deae476f0a36c9c19d5ac125164005a5a0e0f0928cfe': AUTENTICACION_EXITOSA  |
2026-06-03 15:36:12: INFO     | 'ef12c19d3f891611ed7d172073b63b6bbbaa471b869958dd7c7819cb9e84fd30': CREDENCIAL_ANADIDA: Servicio=Github, Usuario=user1 |
2026-06-03 15:36:12: DEBUG    | '99bfd38680264b480c46c8f6abef48e0db8a4cfa6191dd4e045f0d9119b715e4': AUTENTICACION_EXITOSA |
2026-06-03 15:36:12: DEBUG    | '9114603424b9444d6fb1deae476f0a36c9c19d5ac125164005a5a0e0f0928cfe': AUTENTICACION_EXITOSA  |
2026-06-03 15:36:12: WARNING  | '62235fe0f8b7c690391a86ae017a48661f851449ae9d5894e2f306abede5dfd2': LOG CORRUPTO: El archivo log_gestor_credenciales.log ha sido modificado |
2026-06-03 15:36:13: INFO     | '4c5e4868b3d22d487155e62a0573525736e5433d98ebedd1b42302e10f7823bf': GestorCredenciales inicializado correctamente |
2026-06-03 15:36:13: DEBUG    | '99bfd38680264b480c46c8f6abef48e0db8a4cfa6191dd4e045f0d9119b715e4': AUTENTICACION_EXITOSA |
2026-06-03 15:36:13: DEBUG    | '9114603424b9444d6fb1deae476f0a36c9c19d5ac125164005a5a0e0f0928cfe': AUTENTICACION_EXITOSA  |
2026-06-03 15:36:13: DEBUG    | '99bfd38680264b480c46c8f6abef48e0db8a4cfa6191dd4e045f0d9119b715e4': AUTENTICACION_EXITOSA |
2026-06-03 15:36:13: DEBUG    | '9114603424b9444d6fb1deae476f0a36c9c19d5ac125164005a5a0e0f0928cfe': AUTENTICACION_EXITOSA  |
2026-06-03 15:36:13: DEBUG    | '99bfd38680264b480c46c8f6abef48e0db8a4cfa6191dd4e045f0d9119b715e4': AUTENTICACION_EXITOSA |
2026-06-03 15:36:13: DEBUG    | '9114603424b9444d6fb1deae476f0a36c9c19d5ac125164005a5a0e0f0928cfe': AUTENTICACION_EXITOSA  |
2026-06-03 15:36:13: INFO     | 'ef12c19d3f891611ed7d172073b63b6bbbaa471b869958dd7c7819cb9e84fd30': CREDENCIAL_ANADIDA: Servicio=Github, Usuario=user1 |
2026-06-03 15:36:13: DEBUG    | '99bfd38680264b480c46c8f6abef48e0db8a4cfa6191dd4e045f0d9119b715e4': AUTENTICACION_EXITOSA |
2026-06-03 15:36:13: DEBUG    | '9114603424b9444d6fb1deae476f0a36c9c19d5ac125164005a5a0e0f0928cfe': AUTENTICACION_EXITOSA  |
2026-06-03 15:36:14: DEBUG    | '99bfd38680264b480c46c8f6abef48e0db8a4cfa6191dd4e045f0d9119b715e4': AUTENTICACION_EXITOSA |
2026-06-03 15:36:14: DEBUG    | '9114603424b9444d6fb1deae476f0a36c9c19d5ac125164005a5a0e0f0928cfe': AUTENTICACION_EXITOSA  |
2026-06-03 15:36:14: DEBUG    | '99bfd38680264b480c46c8f6abef48e0db8a4cfa6191dd4e045f0d9119b715e4': AUTENTICACION_EXITOSA |
2026-06-03 15:36:14: DEBUG    | '9114603424b9444d6fb1deae476f0a36c9c19d5ac125164005a5a0e0f0928cfe': AUTENTICACION_EXITOSA  |
2026-06-03 15:36:14: WARNING  | '62235fe0f8b7c690391a86ae017a48661f851449ae9d5894e2f306abede5dfd2': LOG CORRUPTO: El archivo log_gestor_credenciales.log ha sido modificado |
2026-06-03 15:36:14: INFO     | '4c5e4868b3d22d487155e62a0573525736e5433d98ebedd1b42302e10f7823bf': GestorCredenciales inicializado correctamente |
2026-06-03 15:36:14: DEBUG    | '99bfd38680264b480c46c8f6abef48e0db8a4cfa6191dd4e045f0d9119b715e4': AUTENTICACION_EXITOSA |
2026-06-03 15:36:14: DEBUG    | '9114603424b9444d6fb1deae476f0a36c9c19d5ac125164005a5a0e0f0928cfe': AUTENTICACION_EXITOSA  |
2026-06-03 15:36:15: DEBUG    | '99bfd38680264b480c46c8f6abef48e0db8a4cfa6191dd4e045f0d9119b715e4': AUTENTICACION_EXITOSA |
2026-06-03 15:36:15: DEBUG    | '9114603424b9444d6fb1deae476f0a36c9c19d5ac125164005a5a0e0f0928cfe': AUTENTICACION_EXITOSA  |
2026-06-03 15:36:15: DEBUG    | '99bfd38680264b480c46c8f6abef48e0db8a4cfa6191dd4e045f0d9119b715e4': AUTENTICACION_EXITOSA |
2026-06-03 15:36:15: DEBUG    | '9114603424b9444d6fb1deae476f0a36c9c19d5ac125164005a5a0e0f0928cfe': AUTENTICACION_EXITOSA  |
2026-06-03 15:36:15: INFO     | 'ef12c19d3f891611ed7d172073b63b6bbbaa471b869958dd7c7819cb9e84fd30': CREDENCIAL_ANADIDA: Servicio=Github, Usuario=user1 |
2026-06-03 15:36:15: DEBUG    | '99bfd38680264b480c46c8f6abef48e0db8a4cfa6191dd4e045f0d9119b715e4': AUTENTICACION_EXITOSA |
2026-06-03 15:36:15: DEBUG    | '9114603424b9444d6fb1deae476f0a36c9c19d5ac125164005a5a0e0f0928cfe': AUTENTICACION_EXITOSA  |
2026-06-03 15:36:15: DEBUG    | '99bfd38680264b480c46c8f6abef48e0db8a4cfa6191dd4e045f0d9119b715e4': AUTENTICACION_EXITOSA |
2026-06-03 15:36:15: DEBUG    | '9114603424b9444d6fb1deae476f0a36c9c19d5ac125164005a5a0e0f0928cfe': AUTENTICACION_EXITOSA  |
2026-06-03 15:36:16: DEBUG    | '99bfd38680264b480c46c8f6abef48e0db8a4cfa6191dd4e045f0d9119b715e4': AUTENTICACION_EXITOSA |
2026-06-03 15:36:16: DEBUG    | '9114603424b9444d6fb1deae476f0a36c9c19d5ac125164005a5a0e0f0928cfe': AUTENTICACION_EXITOSA  |
2026-06-03 15:36:16: WARNING  | '62235fe0f8b7c690391a86ae017a48661f851449ae9d5894e2f306abede5dfd2': LOG CORRUPTO: El archivo log_gestor_credenciales.log ha sido modificado |
2026-06-03 15:36:16: INFO     | '4c5e4868b3d22d487155e62a0573525736e5433d98ebedd1b42302e10f7823bf': GestorCredenciales inicializado correctamente |
